borrower_id,loan_amount,loan_date,business_type,business_location,years_in_business,repayment_history,mobile_money_activity_score
PEZ10000,10711.16,2024-02-25,food_vendor,Nairobi,1.9,late,22.2
PEZ10001,4792.61,2023-05-17,hardware_store,Mombasa,4.2,late,
PEZ10002,5281.44,2023-04-21,retail_shop,Garissa,1.6,late,1.8
PEZ10003,14731.16,2021-03-16,tailoring,Nairobi,1.9,late,47.3
PEZ10004,4445.94,2024-07-10,electronics_repair,Mombasa,3.2,on_time,62.8
PEZ10005,6892.88,2024-08-25,retail_shop,Kitale,0.8,on_time,82.9
PEZ10006,130393.63,2021-08-15,mobile_money_agent,Thika,0.6,late,38.4
PEZ10007,19570.16,2020-11-29,food_vendor,Nakuru,1.1,on_time,65.5
PEZ10008,2107.64,2023-06-01,electronics_repair,Thika,0.8,on_time,66.2
PEZ10009,19687.68,2023-08-03,salon_barber,Garissa,2.8,on_time,23.3
PEZ10010,1793.36,2020-03-06,hardware_store,Nakuru,4.9,late,58.9
PEZ10011,3300.38,2021-10-06,electronics_repair,Malindi,0.7,on_time,48.8
PEZ10012,36150.07,2021-05-20,transport,Kitale,7.0,late,29.4
PEZ10013,7624.61,2021-03-25,hardware_store,Garissa,2.5,on_time,64.0
PEZ10014,4748.5,2020-11-23,salon_barber,Garissa,0.6,late,11.1
PEZ10015,5287.66,2023-02-07,agro_dealer,Nyeri,4.7,on_time,21.5
PEZ10016,31947.91,2020-08-16,retail_shop,Mombasa,8.5,on_time,39.7
PEZ10017,5609.26,2022-10-22,tailoring,Malindi,7.3,on_time,
PEZ10018,12745.54,2023-06-01,salon_barber,Garissa,5.6,on_time,2.3
PEZ10019,32989.97,2020-01-02,transport,Kisumu,1.7,on_time,66.9
PEZ10020,8976.34,2024-07-10,mobile_money_agent,Thika,10.3,on_time,84.3
PEZ10021,6253.97,2022-09-22,tailoring,Nakuru,2.6,late,33.1
PEZ10022,3731.87,2021-06-26,food_vendor,Garissa,1.0,on_time,56.4
PEZ10023,32608.42,2021-02-15,hardware_store,Nyeri,4.4,on_time,40.5
PEZ10024,44649.79,2020-09-04,tailoring,Malindi,0.8,on_time,25.9
PEZ10025,2385.41,2020-01-15,transport,Nakuru,0.6,on_time,
PEZ10026,5671.76,2021-05-02,food_vendor,Nairobi,4.0,late,63.9
PEZ10027,102658.45,2022-08-26,tailoring,Kitale,3.7,on_time,37.7
PEZ10028,15027.56,2022-05-17,transport,Kitale,0.8,on_time,10.0
PEZ10029,18909.15,2020-05-04,agro_dealer,Kitale,0.8,on_time,65.7
PEZ10030,16890.41,2020-10-14,agro_dealer,Thika,0.8,on_time,78.0
PEZ10031,28807.46,2024-10-30,agro_dealer,Kisumu,1.3,on_time,19.9
PEZ10032,19509.83,2024-03-23,hardware_store,Mombasa,3.7,on_time,29.5
PEZ10033,8899.63,2020-12-03,transport,Kisumu,3.5,on_time,14.3
PEZ10034,7157.15,2022-05-16,agro_dealer,Nairobi,1.2,on_time,17.8
PEZ10035,17624.58,2023-01-15,hardware_store,Kitale,10.7,on_time,71.0
PEZ10036,15215.58,2020-11-18,retail_shop,Thika,6.2,on_time,40.3
PEZ10037,8530.14,2021-04-26,retail_shop,Garissa,0.8,on_time,59.9
PEZ10038,10986.79,2020-06-16,agro_dealer,Mombasa,4.1,defaulted,14.6
PEZ10039,8162.5,2021-10-05,agro_dealer,Nyeri,7.8,on_time,32.0
PEZ10040,9556.94,2024-03-19,transport,Eldoret,4.1,on_time,51.0
PEZ10041,11583.12,2021-03-12,food_vendor,Nairobi,0.6,late,75.2
PEZ10042,14038.75,2021-08-06,hardware_store,Eldoret,0.6,late,37.4
PEZ10043,51195.85,2023-09-01,salon_barber,Kitale,0.8,on_time,6.7
PEZ10044,5195.26,2024-12-03,hardware_store,Nairobi,4.4,late,42.2
PEZ10045,42672.15,2023-05-23,salon_barber,Eldoret,0.7,late,26.4
PEZ10046,11817.02,2024-09-28,transport,Thika,1.0,on_time,86.4
PEZ10047,2253.14,2020-09-24,retail_shop,Mombasa,3.3,on_time,84.5
PEZ10048,2219.55,2020-06-03,tailoring,Kisumu,0.5,defaulted,20.2
PEZ10049,30432.42,2020-03-26,salon_barber,Garissa,,on_time,25.2
PEZ10050,6617.96,2021-03-06,tailoring,Thika,1.9,on_time,20.2
PEZ10051,29159.64,2024-03-14,transport,Mombasa,3.1,on_time,88.8
PEZ10052,4981.9,2020-02-20,salon_barber,Nakuru,2.3,on_time,60.7
PEZ10053,5678.89,2021-05-23,salon_barber,Thika,1.7,on_time,66.4
PEZ10054,14069.11,2021-03-31,tailoring,Kisumu,3.5,on_time,46.2
PEZ10055,2390.91,2023-09-13,transport,Kitale,5.4,late,77.7
PEZ10056,8202.11,2023-08-06,transport,Malindi,1.8,on_time,79.8
PEZ10057,19033.86,2024-12-01,hardware_store,Malindi,5.8,defaulted,69.8
PEZ10058,54847.82,2021-12-08,tailoring,Kisumu,7.6,on_time,57.4
PEZ10059,2448.77,2021-06-05,electronics_repair,Malindi,2.3,on_time,47.9
PEZ10060,5948.58,2024-02-28,retail_shop,Malindi,,on_time,35.7
PEZ10061,31504.35,2023-09-20,transport,Thika,0.9,on_time,53.1
PEZ10062,25702.78,2023-02-09,food_vendor,Eldoret,0.8,on_time,37.5
PEZ10063,31574.7,2023-06-14,salon_barber,Nakuru,9.3,on_time,54.2
PEZ10064,8066.2,2024-05-28,mobile_money_agent,Eldoret,5.0,late,78.0
PEZ10065,1909.11,2022-08-27,mobile_money_agent,Nyeri,0.7,late,57.6
PEZ10066,21666.1,2024-03-18,salon_barber,Mombasa,6.6,late,31.2
PEZ10067,5260.9,2022-08-31,,Eldoret,0.7,late,57.5
PEZ10068,21510.77,2022-02-25,mobile_money_agent,Mombasa,3.5,on_time,78.0
PEZ10069,1196.66,2024-04-26,,Malindi,1.5,on_time,76.3
PEZ10070,35477.67,2023-02-15,food_vendor,Malindi,5.5,on_time,43.6
PEZ10071,10888.66,2023-05-04,transport,Mombasa,8.6,on_time,54.2
PEZ10072,10707.75,2023-01-27,electronics_repair,Kitale,1.9,on_time,23.0
PEZ10073,36909.83,2023-07-29,pharmacy,Kisumu,2.1,late,48.9
PEZ10074,1637.42,2021-04-25,tailoring,Garissa,9.2,on_time,61.9
PEZ10075,3540.8,2023-11-22,tailoring,Thika,9.7,late,15.5
PEZ10076,38225.68,2021-02-27,salon_barber,Nakuru,3.8,on_time,41.8
PEZ10077,35919.84,2024-04-16,agro_dealer,Malindi,2.9,on_time,64.1
PEZ10078,34349.36,2024-12-31,mobile_money_agent,Malindi,1.2,on_time,91.6
PEZ10079,21623.75,2021-03-25,agro_dealer,Garissa,7.5,late,93.2
PEZ10080,17969.04,2024-01-23,tailoring,Malindi,9.5,on_time,56.4
PEZ10081,7165.9,2023-04-27,salon_barber,Kitale,2.3,on_time,42.5
PEZ10082,13196.06,2021-06-16,mobile_money_agent,Nairobi,0.9,late,72.0
PEZ10083,3584.95,2024-03-20,agro_dealer,Thika,7.3,on_time,82.3
PEZ10084,6690.66,2021-12-17,agro_dealer,Eldoret,0.8,late,71.5
PEZ10085,18984.05,2021-02-12,transport,Mombasa,2.6,on_time,47.2
PEZ10086,2373.08,2021-03-22,retail_shop,Nyeri,4.6,on_time,48.3
PEZ10087,18984.95,2020-08-22,pharmacy,Eldoret,3.4,on_time,87.8
PEZ10088,8773.42,2022-02-07,salon_barber,Eldoret,7.3,on_time,
PEZ10089,2803.82,2024-05-01,agro_dealer,Nakuru,2.8,late,52.3
PEZ10090,20142.03,2022-12-27,tailoring,Nyeri,1.7,defaulted,32.7
PEZ10091,5216.05,2022-09-30,,Thika,5.2,on_time,31.8
PEZ10092,2187.14,2022-06-10,food_vendor,Malindi,0.9,on_time,52.6
PEZ10093,5125.02,2022-09-17,salon_barber,Garissa,1.8,on_time,48.1
PEZ10094,4697.71,2020-06-26,pharmacy,Malindi,1.0,late,54.8
PEZ10095,7443.46,2020-02-28,tailoring,Kitale,0.8,on_time,55.0
PEZ10096,62524.92,2024-12-07,pharmacy,Thika,5.6,late,45.6
PEZ10097,2974.86,2022-04-12,mobile_money_agent,Eldoret,1.5,late,82.1
PEZ10098,2593.75,2024-06-11,pharmacy,Garissa,2.6,on_time,46.7
PEZ10099,5391.29,2022-01-25,retail_shop,Mombasa,2.5,on_time,57.9
PEZ10100,3931.05,2023-12-10,pharmacy,Garissa,0.7,late,26.0
PEZ10101,8860.81,2024-03-01,pharmacy,Eldoret,2.1,on_time,79.2
PEZ10102,4471.52,2024-04-05,hardware_store,Kisumu,0.7,on_time,33.8
PEZ10103,22809.24,2021-01-02,hardware_store,Nyeri,1.0,late,50.8
PEZ10104,4119.91,2021-08-21,tailoring,Nairobi,1.8,defaulted,29.5
PEZ10105,8234.22,2021-11-28,salon_barber,Kitale,1.6,on_time,
PEZ10106,9558.58,2022-10-04,salon_barber,Nairobi,2.0,late,63.4
PEZ10107,28207.05,2021-09-14,food_vendor,Nyeri,1.7,on_time,51.0
PEZ10108,36672.09,2021-04-07,food_vendor,Nakuru,7.2,on_time,33.2
PEZ10109,5194.54,2021-09-17,hardware_store,Malindi,6.8,on_time,36.3
PEZ10110,1584.12,2023-07-05,mobile_money_agent,Nyeri,1.3,on_time,49.8
PEZ10111,18686.66,2020-01-06,transport,Eldoret,1.8,late,52.0
PEZ10112,48154.2,2021-08-02,agro_dealer,Kitale,2.4,late,19.4
PEZ10113,2592.16,2023-09-16,pharmacy,Mombasa,8.2,on_time,55.9
PEZ10114,102610.04,2020-10-18,transport,Malindi,2.2,late,51.6
PEZ10115,4524.22,2021-08-14,food_vendor,Nairobi,2.0,on_time,41.3
PEZ10116,28857.51,2023-01-10,pharmacy,Mombasa,1.7,on_time,96.6
PEZ10117,6981.11,2021-05-27,pharmacy,Kitale,2.3,late,
PEZ10118,2930.15,2020-02-12,retail_shop,Mombasa,2.6,on_time,66.6
PEZ10119,6873.74,2021-07-23,tailoring,Nyeri,,on_time,74.4
PEZ10120,7223.94,2022-04-16,salon_barber,Nyeri,2.6,on_time,33.4
PEZ10121,2678.19,2021-08-13,electronics_repair,Thika,1.1,on_time,19.6
PEZ10122,2496.07,2024-05-01,agro_dealer,Garissa,,late,98.8
PEZ10123,13735.85,2020-04-21,agro_dealer,Garissa,1.1,on_time,
PEZ10124,7411.43,2021-02-20,transport,Garissa,3.6,on_time,44.0
PEZ10125,7112.83,2020-02-29,tailoring,Garissa,1.3,on_time,48.7
PEZ10126,10246.1,2021-04-05,,Nakuru,3.7,on_time,47.5
PEZ10127,3173.67,2021-08-20,food_vendor,Kitale,2.0,on_time,67.9
PEZ10128,2341.39,2020-10-23,hardware_store,Eldoret,0.5,on_time,5.6
PEZ10129,1972.34,2021-07-19,agro_dealer,Nakuru,1.9,on_time,22.4
PEZ10130,7856.07,2021-09-03,agro_dealer,Thika,2.9,late,24.5
PEZ10131,2234.01,2021-12-07,mobile_money_agent,Nyeri,2.2,on_time,70.0
PEZ10132,14070.89,2023-11-29,electronics_repair,Garissa,1.5,on_time,84.8
PEZ10133,40967.46,2022-08-26,transport,Nyeri,3.7,late,31.6
PEZ10134,18153.04,2020-03-16,agro_dealer,Malindi,3.8,late,75.9
PEZ10135,1765.14,2020-07-23,salon_barber,Garissa,2.7,on_time,39.4
PEZ10136,1403.08,2020-06-02,hardware_store,Kitale,,on_time,24.8
PEZ10137,14876.93,2024-10-11,pharmacy,Eldoret,3.8,on_time,48.4
PEZ10138,21744.63,2023-01-13,hardware_store,Malindi,0.7,on_time,55.6
PEZ10139,1706.24,2024-03-09,retail_shop,Nyeri,0.8,on_time,60.0
PEZ10140,20526.72,2020-12-06,food_vendor,Malindi,5.6,late,66.0
PEZ10141,18337.41,2020-10-25,tailoring,Nairobi,,late,25.6
PEZ10142,15259.26,2023-06-02,transport,Garissa,3.7,late,69.4
PEZ10143,12665.53,2023-07-30,agro_dealer,Nyeri,1.3,late,61.6
PEZ10144,7476.98,2023-10-19,tailoring,Kitale,11.1,on_time,
PEZ10145,2856.96,2022-05-18,hardware_store,Kisumu,1.7,late,15.2
PEZ10146,1176.52,2021-04-30,tailoring,Kitale,4.4,on_time,63.5
PEZ10147,16537.73,2024-08-26,agro_dealer,Nyeri,1.7,defaulted,59.7
PEZ10148,4091.1,2023-05-26,agro_dealer,Eldoret,,on_time,31.3
PEZ10149,1507.46,2021-01-24,pharmacy,Eldoret,2.5,late,60.0
PEZ10150,3623.56,2023-07-10,mobile_money_agent,Eldoret,4.5,on_time,17.2
PEZ10151,6865.59,2020-07-03,food_vendor,Nairobi,1.6,on_time,27.8
PEZ10152,4171.8,2022-01-19,tailoring,Thika,6.8,on_time,10.7
PEZ10153,4829.35,2022-09-13,hardware_store,Garissa,14.7,on_time,43.6
PEZ10154,6849.19,2021-04-07,tailoring,Thika,1.1,on_time,47.7
PEZ10155,11425.68,2022-07-20,,Garissa,7.0,on_time,68.5
PEZ10156,20698.95,2021-04-23,electronics_repair,Eldoret,1.3,late,15.0
PEZ10157,13953.69,2023-08-19,pharmacy,Nairobi,0.8,on_time,32.8
PEZ10158,2304.59,2020-03-17,food_vendor,Kitale,2.9,late,92.7
PEZ10159,500.0,2022-01-29,tailoring,Kitale,4.4,on_time,32.6
PEZ10160,2612.82,2024-09-03,hardware_store,Malindi,3.2,on_time,16.2
PEZ10161,12156.48,2022-06-27,pharmacy,Nyeri,1.4,on_time,48.8
PEZ10162,37484.73,2023-08-13,pharmacy,Nakuru,5.9,on_time,45.4
PEZ10163,12311.05,2022-07-20,electronics_repair,Nairobi,1.0,on_time,60.5
PEZ10164,1827.32,2021-05-13,,Nakuru,2.6,on_time,43.1
PEZ10165,10578.52,2024-07-23,salon_barber,Nyeri,3.5,on_time,86.0
PEZ10166,1916.98,2020-10-23,transport,Thika,2.8,late,24.2
PEZ10167,5636.64,2020-01-31,salon_barber,Garissa,0.8,defaulted,45.8
PEZ10168,9207.77,2022-05-12,electronics_repair,Nakuru,3.1,late,
PEZ10169,7107.9,2020-08-11,hardware_store,Mombasa,11.4,on_time,67.0
PEZ10170,2368.78,2023-09-11,pharmacy,Garissa,4.9,on_time,13.0
PEZ10171,30047.77,2022-04-02,hardware_store,Eldoret,5.3,on_time,28.8
PEZ10172,2374.97,2023-05-30,agro_dealer,Mombasa,9.5,late,70.6
PEZ10173,8727.26,2022-02-19,salon_barber,Mombasa,1.5,on_time,68.8
PEZ10174,7872.06,2020-08-22,mobile_money_agent,Garissa,1.9,on_time,36.6
PEZ10175,3151.49,2022-03-27,hardware_store,Nakuru,6.6,on_time,49.8
PEZ10176,13245.39,2023-11-07,agro_dealer,Mombasa,0.6,on_time,35.5
PEZ10177,3862.88,2022-02-02,pharmacy,Mombasa,0.9,on_time,71.7
PEZ10178,21933.1,2022-04-21,salon_barber,Garissa,3.1,on_time,62.8
PEZ10179,22550.7,2021-12-21,electronics_repair,Malindi,0.5,on_time,61.1
PEZ10180,4577.9,2021-12-18,food_vendor,Nyeri,6.4,on_time,27.4
PEZ10181,3373.42,2023-02-22,hardware_store,Thika,1.3,on_time,81.2
PEZ10182,3897.63,2023-11-21,mobile_money_agent,Nyeri,1.8,on_time,54.3
PEZ10183,10673.41,2020-01-13,tailoring,Nairobi,3.0,on_time,55.8
PEZ10184,11590.32,2020-03-03,salon_barber,Kisumu,4.2,on_time,13.7
PEZ10185,9086.39,2024-01-17,food_vendor,Garissa,4.3,on_time,22.6
PEZ10186,71862.3,2020-04-11,electronics_repair,Nyeri,5.6,on_time,59.0
PEZ10187,157158.53,2021-03-17,food_vendor,Eldoret,0.8,on_time,38.0
PEZ10188,14246.65,2022-12-15,hardware_store,Mombasa,4.3,on_time,72.2
PEZ10189,1255.98,2021-03-08,tailoring,Nairobi,0.7,late,69.7
PEZ10190,59978.24,2020-09-21,salon_barber,Eldoret,1.9,on_time,68.0
PEZ10191,13806.02,2020-05-27,agro_dealer,Garissa,2.5,on_time,23.8
PEZ10192,4082.19,2022-05-29,agro_dealer,Nairobi,3.5,late,18.7
PEZ10193,6927.61,2021-10-27,mobile_money_agent,Malindi,1.1,defaulted,61.7
PEZ10194,11150.32,2020-08-04,salon_barber,Nyeri,2.7,on_time,85.7
PEZ10195,1709.75,2021-11-26,transport,Malindi,11.0,on_time,85.0
PEZ10196,15505.1,2021-02-01,transport,Thika,0.7,on_time,39.9
PEZ10197,27515.39,2020-10-26,electronics_repair,Thika,4.2,late,12.7
PEZ10198,5843.7,2024-05-01,tailoring,Nakuru,6.1,defaulted,35.5
PEZ10199,2878.56,2023-03-02,pharmacy,Kitale,0.7,on_time,41.2
PEZ10200,9314.64,2022-06-24,mobile_money_agent,Thika,1.6,defaulted,37.7
PEZ10201,152932.64,2020-03-18,tailoring,Eldoret,6.6,on_time,93.6
PEZ10202,10684.71,2023-06-13,retail_shop,Thika,1.0,on_time,21.5
PEZ10203,3238.42,2020-03-25,mobile_money_agent,Garissa,2.3,on_time,27.9
PEZ10204,5172.33,2020-05-06,pharmacy,Nyeri,9.2,late,21.8
PEZ10205,15810.16,2023-08-16,pharmacy,Mombasa,8.5,late,73.7
PEZ10206,22140.03,2020-11-21,salon_barber,Nairobi,2.0,on_time,29.2
PEZ10207,11562.83,2020-04-17,electronics_repair,Thika,5.1,on_time,35.2
PEZ10208,29429.61,2024-10-10,electronics_repair,Mombasa,1.7,late,57.6
PEZ10209,1565.97,2023-09-05,mobile_money_agent,Kisumu,0.9,on_time,72.9
PEZ10210,9601.68,2024-06-09,agro_dealer,Kisumu,2.0,on_time,21.5
PEZ10211,5144.87,2022-12-14,electronics_repair,Kisumu,3.8,on_time,49.6
PEZ10212,1307.58,2021-11-30,food_vendor,Malindi,1.8,on_time,
PEZ10213,6293.76,2020-07-26,pharmacy,Nakuru,3.3,on_time,51.7
PEZ10214,14087.92,2024-04-18,hardware_store,Garissa,8.4,on_time,60.8
PEZ10215,1197.39,2023-07-03,mobile_money_agent,Kisumu,2.5,on_time,52.9
PEZ10216,1657.7,2023-06-04,salon_barber,Kitale,,on_time,69.0
PEZ10217,9513.59,2024-09-06,tailoring,Kitale,1.1,on_time,22.0
PEZ10218,7516.5,2024-05-12,transport,Thika,1.4,on_time,14.7
PEZ10219,6100.09,2020-10-10,agro_dealer,Garissa,0.6,on_time,55.9
PEZ10220,5997.49,2024-09-28,tailoring,Nairobi,1.2,late,38.1
PEZ10221,49989.74,2020-10-28,hardware_store,Mombasa,1.8,on_time,75.5
PEZ10222,2350.02,2020-02-24,agro_dealer,Mombasa,0.8,late,11.1
PEZ10223,27572.78,2021-04-04,agro_dealer,Nairobi,4.5,late,35.0
PEZ10224,1502.2,2020-10-08,retail_shop,Thika,2.9,on_time,52.3
PEZ10225,21512.38,2022-08-18,retail_shop,Eldoret,13.7,on_time,72.6
PEZ10226,4749.77,2023-01-28,pharmacy,Nyeri,,on_time,62.9
PEZ10227,3793.18,2021-05-03,mobile_money_agent,Garissa,1.5,late,40.3
PEZ10228,9032.12,2020-02-03,agro_dealer,Nyeri,5.3,on_time,33.6
PEZ10229,56757.49,2021-05-07,hardware_store,Nyeri,2.8,on_time,17.1
PEZ10230,3008.83,2022-12-13,mobile_money_agent,Malindi,2.4,on_time,65.8
PEZ10231,5962.35,2020-03-30,,Garissa,2.8,on_time,36.0
PEZ10232,17678.03,2024-02-10,agro_dealer,Thika,3.8,late,
PEZ10233,13409.73,2024-07-24,food_vendor,Nyeri,2.7,on_time,30.7
PEZ10234,3328.42,2024-01-06,salon_barber,Kitale,4.2,late,80.1
PEZ10235,69964.49,2021-09-27,pharmacy,Nairobi,0.8,defaulted,
PEZ10236,8090.53,2021-01-26,hardware_store,Malindi,2.7,on_time,22.7
PEZ10237,14306.1,2024-06-25,tailoring,Thika,1.2,late,
PEZ10238,5692.95,2021-01-17,electronics_repair,Malindi,1.6,on_time,82.2
PEZ10239,95308.82,2022-05-19,pharmacy,Kitale,1.8,defaulted,47.7
PEZ10240,8638.26,2020-06-12,food_vendor,Malindi,4.8,on_time,94.9
PEZ10241,500.0,2021-12-20,electronics_repair,Eldoret,1.9,on_time,58.1
PEZ10242,2247.34,2023-08-02,pharmacy,Nairobi,0.8,on_time,45.7
PEZ10243,4611.7,2020-11-23,retail_shop,Mombasa,1.0,on_time,36.9
PEZ10244,4324.59,2021-04-28,retail_shop,Kisumu,0.9,late,36.3
PEZ10245,2852.72,2022-01-29,electronics_repair,Thika,2.6,on_time,10.5
PEZ10246,2512.31,2023-08-23,electronics_repair,Kitale,7.0,on_time,56.3
PEZ10247,5477.67,2023-02-24,tailoring,Nakuru,5.8,on_time,
PEZ10248,2647.49,2023-11-22,food_vendor,Eldoret,1.4,on_time,47.6
PEZ10249,2457.6,2022-06-30,pharmacy,Nakuru,0.5,on_time,29.6
PEZ10250,5192.93,2021-09-06,food_vendor,Thika,1.7,on_time,93.6
PEZ10251,25395.48,2020-10-11,salon_barber,Kisumu,2.3,late,51.4
PEZ10252,20360.45,2023-02-03,transport,Kitale,,on_time,27.8
PEZ10253,2461.95,2022-09-07,salon_barber,Nyeri,3.7,on_time,41.2
PEZ10254,8866.57,2023-08-08,hardware_store,Malindi,4.5,on_time,55.7
PEZ10255,15998.74,2023-02-03,food_vendor,Kitale,4.3,on_time,17.3
PEZ10256,3992.4,2024-08-29,mobile_money_agent,Kisumu,1.1,on_time,64.0
PEZ10257,10734.09,2021-12-09,food_vendor,Garissa,1.4,on_time,39.2
PEZ10258,8421.91,2020-09-13,hardware_store,Eldoret,5.0,on_time,41.8
PEZ10259,3450.46,2020-11-11,tailoring,Nyeri,5.3,on_time,45.3
PEZ10260,2250.04,2024-08-17,salon_barber,Nyeri,1.7,on_time,68.3
PEZ10261,10001.3,2024-04-19,retail_shop,Mombasa,,on_time,57.6
PEZ10262,10571.3,2023-08-07,mobile_money_agent,Malindi,3.6,on_time,
PEZ10263,19704.43,2023-11-11,tailoring,Kitale,8.0,on_time,78.5
PEZ10264,8352.46,2021-10-02,retail_shop,Kisumu,3.7,on_time,56.9
PEZ10265,8353.86,2021-10-15,electronics_repair,Thika,0.6,on_time,49.8
PEZ10266,23752.26,2022-02-25,transport,Kitale,6.0,defaulted,5.4
PEZ10267,4348.65,2023-03-29,mobile_money_agent,Malindi,1.6,on_time,66.9
PEZ10268,3207.63,2021-09-23,electronics_repair,Nakuru,2.4,on_time,44.2
PEZ10269,16644.54,2023-04-09,pharmacy,Nairobi,0.8,late,77.0
PEZ10270,34710.96,2022-08-21,electronics_repair,Nairobi,1.1,on_time,67.8
PEZ10271,3578.91,2022-01-19,tailoring,Garissa,,late,40.2
PEZ10272,26018.12,2021-08-14,agro_dealer,Thika,,late,6.4
PEZ10273,6026.87,2023-10-25,food_vendor,Malindi,0.8,on_time,13.7
PEZ10274,4338.18,2023-02-16,mobile_money_agent,Mombasa,3.1,on_time,49.7
PEZ10275,4233.29,2020-10-07,electronics_repair,Kisumu,5.7,defaulted,45.6
PEZ10276,3486.8,2023-06-09,electronics_repair,Kitale,5.2,late,1.3
PEZ10277,14425.58,2022-11-04,electronics_repair,Kisumu,1.2,on_time,43.8
PEZ10278,26866.66,2021-11-09,hardware_store,Garissa,3.5,defaulted,38.2
PEZ10279,2503.71,2020-02-24,food_vendor,Malindi,3.2,on_time,32.7
PEZ10280,22764.64,2021-04-11,mobile_money_agent,Kitale,0.6,on_time,27.2
PEZ10281,32548.93,2022-02-17,retail_shop,Nyeri,6.0,on_time,49.9
PEZ10282,19933.9,2021-10-04,salon_barber,Nakuru,,defaulted,61.4
PEZ10283,4566.77,2022-08-23,agro_dealer,Kisumu,1.0,on_time,56.4
PEZ10284,3497.2,2022-02-10,retail_shop,Kisumu,9.9,on_time,47.9
PEZ10285,7990.28,2024-11-11,electronics_repair,Kisumu,4.8,on_time,40.6
PEZ10286,10374.2,2021-09-01,tailoring,Nyeri,7.6,on_time,75.3
PEZ10287,4429.26,2024-06-16,tailoring,Nakuru,3.0,on_time,53.8
PEZ10288,8777.91,2024-08-03,tailoring,Eldoret,4.4,on_time,19.4
PEZ10289,4713.4,2022-06-24,electronics_repair,Kisumu,1.8,on_time,64.8
PEZ10290,9436.26,2021-07-10,tailoring,Kitale,6.2,on_time,71.9
PEZ10291,5175.13,2022-12-23,salon_barber,Mombasa,2.9,on_time,65.9
PEZ10292,8723.45,2024-04-27,transport,Nakuru,2.1,late,86.6
PEZ10293,3987.69,2024-12-08,salon_barber,Nairobi,5.4,on_time,37.7
PEZ10294,8910.57,2020-05-01,pharmacy,Kitale,1.7,on_time,72.7
PEZ10295,7623.24,2020-12-24,food_vendor,Nyeri,6.9,defaulted,34.0
PEZ10296,8059.47,2021-01-16,agro_dealer,Kisumu,7.7,on_time,
PEZ10297,1298.85,2021-08-05,tailoring,Nairobi,,on_time,79.4
PEZ10298,13859.74,2021-07-12,pharmacy,Garissa,5.2,on_time,34.3
PEZ10299,18653.84,2020-01-29,transport,Mombasa,7.9,on_time,22.7
PEZ10300,4838.13,2022-04-10,electronics_repair,Eldoret,7.6,on_time,52.6
PEZ10301,9813.57,2022-09-04,agro_dealer,Garissa,3.7,on_time,71.4
PEZ10302,7746.32,2021-11-06,electronics_repair,Nakuru,,late,49.6
PEZ10303,48675.09,2020-05-07,tailoring,Nyeri,3.5,on_time,
PEZ10304,14712.35,2023-12-11,food_vendor,Kitale,7.1,on_time,70.4
PEZ10305,6867.81,2020-09-30,tailoring,Mombasa,5.6,late,70.9
PEZ10306,21866.01,2022-08-22,pharmacy,Kisumu,1.8,on_time,78.3
PEZ10307,17388.97,2022-12-12,hardware_store,Nakuru,4.2,on_time,46.6
PEZ10308,27587.89,2023-01-26,pharmacy,Garissa,3.4,late,71.6
PEZ10309,5420.45,2020-08-26,hardware_store,Nakuru,3.5,on_time,72.3
PEZ10310,22304.55,2020-09-27,transport,Nyeri,5.9,defaulted,37.0
PEZ10311,16707.46,2024-01-21,hardware_store,Malindi,1.6,on_time,87.6
PEZ10312,15527.72,2022-05-17,retail_shop,Malindi,3.8,defaulted,
PEZ10313,10435.17,2022-08-24,electronics_repair,Mombasa,0.9,on_time,71.5
PEZ10314,12353.37,2023-08-15,retail_shop,Eldoret,0.9,on_time,53.2
PEZ10315,19705.69,2022-02-08,agro_dealer,Thika,1.5,on_time,47.8
PEZ10316,4248.11,2022-03-15,food_vendor,Garissa,1.5,on_time,33.4
PEZ10317,23158.35,2021-09-03,,Kisumu,0.8,defaulted,14.7
PEZ10318,19913.15,2020-11-13,pharmacy,Garissa,0.6,on_time,25.5
PEZ10319,3890.19,2022-05-08,tailoring,Nakuru,7.2,on_time,74.5
PEZ10320,15397.04,2023-10-08,mobile_money_agent,Nairobi,5.8,on_time,45.7
PEZ10321,35385.45,2024-11-03,retail_shop,Nakuru,6.8,late,24.7
PEZ10322,2662.3,2021-10-15,retail_shop,Kisumu,3.3,on_time,17.0
PEZ10323,6269.25,2023-09-14,mobile_money_agent,Nyeri,3.2,on_time,18.8
PEZ10324,7291.54,2024-02-14,hardware_store,Nakuru,3.7,on_time,63.0
PEZ10325,1024.69,2022-02-19,salon_barber,Malindi,1.8,on_time,
PEZ10326,23968.11,2023-01-06,hardware_store,Thika,3.3,late,44.6
PEZ10327,6764.95,2020-04-28,pharmacy,Nakuru,3.0,on_time,31.8
PEZ10328,7954.09,2021-02-20,hardware_store,Malindi,0.8,late,27.3
PEZ10329,4217.94,2021-01-25,electronics_repair,Mombasa,4.1,on_time,74.3
PEZ10330,20358.38,2024-07-05,retail_shop,Eldoret,2.1,late,67.4
PEZ10331,4381.85,2020-02-01,mobile_money_agent,Garissa,9.8,late,36.3
PEZ10332,37100.97,2021-05-11,transport,Nakuru,0.9,on_time,85.9
PEZ10333,6847.86,2022-08-12,mobile_money_agent,Nakuru,0.7,late,31.5
PEZ10334,9963.9,2024-07-02,hardware_store,Thika,3.9,on_time,92.9
PEZ10335,3847.64,2021-03-29,pharmacy,Thika,6.7,on_time,62.1
PEZ10336,1142.08,2020-11-08,salon_barber,Nairobi,0.5,on_time,23.5
PEZ10337,18875.15,2023-11-03,transport,Thika,4.4,on_time,54.4
PEZ10338,13740.02,2022-08-01,electronics_repair,Eldoret,3.9,on_time,54.0
PEZ10339,4051.38,2023-01-15,salon_barber,Thika,6.3,on_time,90.5
PEZ10340,6290.18,2024-04-14,retail_shop,Garissa,,on_time,61.8
PEZ10341,5270.3,2021-03-23,retail_shop,Malindi,1.0,late,43.3
PEZ10342,24595.1,2022-09-16,hardware_store,Kitale,3.6,on_time,10.2
PEZ10343,5104.63,2021-07-16,,Nairobi,,on_time,9.2
PEZ10344,2702.29,2021-01-02,hardware_store,Eldoret,,on_time,59.8
PEZ10345,5681.74,2021-12-26,food_vendor,Mombasa,0.6,late,83.0
PEZ10346,1737.73,2023-11-28,tailoring,Malindi,0.9,late,43.9
PEZ10347,2489.18,2024-04-04,transport,Eldoret,1.7,on_time,16.9
PEZ10348,2295.13,2023-12-10,retail_shop,Mombasa,4.8,on_time,26.9
PEZ10349,1306.72,2024-10-23,salon_barber,Mombasa,10.7,on_time,19.4
PEZ10350,19919.71,2023-03-06,food_vendor,Garissa,2.3,on_time,40.6
PEZ10351,1764.25,2023-02-28,pharmacy,Eldoret,,on_time,69.6
PEZ10352,47530.02,2024-03-20,retail_shop,Kisumu,10.5,on_time,49.5
PEZ10353,7153.68,2023-10-18,agro_dealer,Mombasa,0.9,on_time,37.7
PEZ10354,23060.97,2020-06-09,hardware_store,Thika,12.4,on_time,21.9
PEZ10355,122509.83,2024-04-23,hardware_store,Thika,1.5,on_time,74.7
PEZ10356,5785.45,2022-07-11,,Nyeri,6.5,late,26.5
PEZ10357,7077.99,2023-09-15,pharmacy,Nakuru,3.1,on_time,72.2
PEZ10358,6365.1,2021-07-02,agro_dealer,Mombasa,2.6,defaulted,36.9
PEZ10359,3313.13,2020-08-06,salon_barber,Malindi,4.0,on_time,57.6
PEZ10360,19084.22,2020-06-27,food_vendor,Nairobi,10.0,late,46.6
PEZ10361,16270.4,2021-12-25,salon_barber,Malindi,4.5,defaulted,46.7
PEZ10362,10014.78,2022-04-27,hardware_store,Mombasa,4.9,defaulted,81.2
PEZ10363,9016.28,2022-12-03,agro_dealer,Mombasa,0.7,late,49.7
PEZ10364,14892.42,2020-12-08,salon_barber,Malindi,9.4,late,46.8
PEZ10365,6895.58,2021-05-20,agro_dealer,Eldoret,0.7,late,72.2
PEZ10366,4316.04,2022-03-21,pharmacy,Nyeri,1.5,defaulted,22.8
PEZ10367,8768.28,2024-08-13,electronics_repair,Nyeri,2.1,on_time,33.7
PEZ10368,11328.05,2020-12-29,mobile_money_agent,Kisumu,3.3,on_time,68.3
PEZ10369,2682.88,2021-05-11,agro_dealer,Thika,2.6,on_time,92.8
PEZ10370,31879.19,2021-02-13,electronics_repair,Malindi,4.3,on_time,59.2
PEZ10371,11330.33,2023-12-21,,Garissa,1.0,on_time,22.2
PEZ10372,8228.66,2024-06-16,transport,Kitale,0.7,on_time,42.2
PEZ10373,16792.45,2022-05-16,agro_dealer,Kitale,4.2,late,18.0
PEZ10374,20847.13,2024-11-16,agro_dealer,Mombasa,1.6,on_time,43.1
PEZ10375,13660.23,2023-05-01,agro_dealer,Garissa,,on_time,21.6
PEZ10376,23353.09,2020-03-31,food_vendor,Mombasa,3.8,on_time,56.1
PEZ10377,500.0,2020-07-20,mobile_money_agent,Malindi,5.1,late,38.5
PEZ10378,1965.5,2022-07-01,tailoring,Nakuru,2.3,on_time,79.6
PEZ10379,5593.77,2020-02-20,electronics_repair,Malindi,4.9,late,74.8
PEZ10380,40225.37,2024-02-04,pharmacy,Mombasa,6.9,on_time,65.3
PEZ10381,38101.15,2022-09-02,salon_barber,Thika,0.9,on_time,57.0
PEZ10382,1973.3,2023-12-26,food_vendor,Kitale,1.2,defaulted,52.9
PEZ10383,1762.84,2024-02-25,food_vendor,Nairobi,0.9,late,13.2
PEZ10384,578.94,2021-04-19,transport,Garissa,0.6,on_time,29.6
PEZ10385,60956.02,2024-12-13,agro_dealer,Kisumu,2.8,on_time,48.2
PEZ10386,38084.78,2024-03-20,transport,Kitale,1.6,late,51.8
PEZ10387,21608.75,2022-07-26,food_vendor,Nyeri,0.9,on_time,41.7
PEZ10388,2097.61,2022-03-06,food_vendor,Eldoret,2.7,late,21.1
PEZ10389,5454.36,2024-07-24,mobile_money_agent,Malindi,6.1,on_time,49.9
PEZ10390,7276.76,2020-08-27,tailoring,Nyeri,1.3,late,22.8
PEZ10391,4179.18,2022-02-24,salon_barber,Thika,0.7,late,58.7
PEZ10392,33289.41,2020-12-20,agro_dealer,Kisumu,1.0,on_time,31.2
PEZ10393,15344.58,2020-04-19,hardware_store,Kisumu,5.5,on_time,9.5
PEZ10394,15061.94,2023-08-30,electronics_repair,Nairobi,1.5,on_time,39.3
PEZ10395,8133.96,2020-06-18,pharmacy,Malindi,1.0,on_time,29.6
PEZ10396,4369.32,2021-08-14,mobile_money_agent,Nairobi,3.9,late,9.8
PEZ10397,12681.02,2023-03-18,salon_barber,Kitale,2.9,on_time,40.0
PEZ10398,11291.93,2020-03-26,food_vendor,Eldoret,1.3,on_time,55.9
PEZ10399,14026.56,2021-05-21,pharmacy,Garissa,2.2,on_time,32.5
PEZ10400,14358.43,2020-08-28,tailoring,Nairobi,7.7,on_time,37.6
PEZ10401,32613.19,2023-07-19,transport,Nakuru,4.7,on_time,74.9
PEZ10402,38648.19,2023-03-13,agro_dealer,Kisumu,1.0,on_time,69.0
PEZ10403,4041.33,2021-08-15,electronics_repair,Garissa,0.5,on_time,64.8
PEZ10404,3384.87,2020-10-04,mobile_money_agent,Eldoret,6.2,on_time,29.7
PEZ10405,2113.05,2021-05-26,agro_dealer,Nairobi,2.5,on_time,28.0
PEZ10406,14584.75,2023-03-28,salon_barber,Thika,4.7,on_time,15.7
PEZ10407,3983.51,2022-04-05,tailoring,Malindi,5.1,on_time,86.7
PEZ10408,8371.39,2023-04-06,hardware_store,Eldoret,8.0,on_time,73.1
PEZ10409,1736.72,2020-05-09,retail_shop,Mombasa,0.6,on_time,57.7
PEZ10410,21118.03,2024-08-23,hardware_store,Malindi,3.1,late,87.4
PEZ10411,12198.01,2023-10-29,tailoring,Thika,7.2,on_time,78.0
PEZ10412,12630.63,2024-10-22,retail_shop,Nairobi,1.1,late,27.7
PEZ10413,5021.24,2020-09-27,salon_barber,Kitale,0.7,on_time,37.8
PEZ10414,12365.37,2020-06-17,tailoring,Kisumu,4.0,on_time,81.9
PEZ10415,16159.07,2022-05-29,electronics_repair,Kisumu,2.8,on_time,77.0
PEZ10416,27374.67,2023-10-24,food_vendor,Mombasa,,late,57.3
PEZ10417,2444.8,2023-11-22,pharmacy,Nairobi,,on_time,82.3
PEZ10418,34882.2,2021-10-03,salon_barber,Kitale,5.6,late,66.0
PEZ10419,11885.81,2023-10-18,electronics_repair,Eldoret,3.7,late,5.2
PEZ10420,1654.97,2024-01-19,salon_barber,Mombasa,5.1,on_time,
PEZ10421,3114.5,2020-07-24,transport,Kisumu,4.3,late,63.0
PEZ10422,24039.75,2020-10-13,salon_barber,Mombasa,1.9,on_time,51.3
PEZ10423,13905.28,2021-08-06,transport,Eldoret,6.4,on_time,74.8
PEZ10424,741.54,2023-08-16,retail_shop,Eldoret,1.7,on_time,51.9
PEZ10425,34352.17,2022-12-17,retail_shop,Nakuru,1.0,on_time,63.4
PEZ10426,9830.13,2022-01-18,retail_shop,Thika,6.0,on_time,40.6
PEZ10427,8433.24,2020-05-18,hardware_store,Kisumu,10.7,defaulted,43.2
PEZ10428,2651.44,2021-08-09,retail_shop,Eldoret,1.1,on_time,32.4
PEZ10429,17537.47,2020-11-08,hardware_store,Malindi,6.7,on_time,41.1
PEZ10430,28276.34,2023-01-03,tailoring,Mombasa,3.0,on_time,64.5
PEZ10431,6963.55,2021-09-27,electronics_repair,Malindi,1.7,on_time,28.8
PEZ10432,13919.65,2023-05-31,agro_dealer,Nakuru,1.5,on_time,84.7
PEZ10433,13642.81,2020-10-08,retail_shop,Eldoret,3.6,defaulted,72.6
PEZ10434,2146.7,2021-06-14,retail_shop,Kisumu,4.7,on_time,55.0
PEZ10435,4388.05,2024-04-28,salon_barber,Thika,11.1,on_time,28.3
PEZ10436,1411.7,2023-03-26,retail_shop,Thika,2.1,on_time,66.1
PEZ10437,12039.35,2022-01-23,food_vendor,Kitale,1.5,on_time,45.8
PEZ10438,36264.06,2024-02-26,salon_barber,Eldoret,0.7,late,44.9
PEZ10439,22329.76,2022-02-23,hardware_store,Nairobi,,on_time,50.9
PEZ10440,6536.06,2024-02-25,salon_barber,Kisumu,1.6,on_time,87.9
PEZ10441,44151.78,2020-06-08,agro_dealer,Nakuru,3.2,late,72.4
PEZ10442,5511.64,2022-11-22,mobile_money_agent,Thika,3.1,late,79.7
PEZ10443,7037.95,2021-11-01,retail_shop,Malindi,3.8,on_time,74.4
PEZ10444,8232.19,2024-02-23,food_vendor,Garissa,7.9,on_time,22.4
PEZ10445,3061.8,2021-02-04,mobile_money_agent,Nakuru,3.4,on_time,34.6
PEZ10446,4029.49,2023-07-26,,Nakuru,1.2,on_time,46.4
PEZ10447,5998.09,2020-07-31,retail_shop,Thika,,on_time,13.5
PEZ10448,1997.36,2020-10-18,transport,Garissa,3.9,on_time,49.2
PEZ10449,44888.51,2022-02-01,tailoring,Mombasa,,on_time,51.0
PEZ10450,18221.27,2023-04-27,pharmacy,Mombasa,1.9,on_time,39.5
PEZ10451,3825.32,2021-10-07,mobile_money_agent,Nairobi,3.8,late,17.7
PEZ10452,1375.39,2024-05-16,agro_dealer,Thika,4.2,late,22.7
PEZ10453,10426.02,2023-01-02,mobile_money_agent,Mombasa,1.6,on_time,35.6
PEZ10454,4952.47,2024-07-11,electronics_repair,Nakuru,2.1,late,57.2
PEZ10455,4046.64,2021-05-23,tailoring,Nyeri,,defaulted,79.1
PEZ10456,1541.09,2020-03-04,electronics_repair,Malindi,1.5,on_time,54.2
PEZ10457,2577.21,2024-06-13,agro_dealer,Kitale,1.8,late,75.1
PEZ10458,953.11,2024-08-13,salon_barber,Mombasa,,defaulted,11.6
PEZ10459,5489.53,2024-07-22,agro_dealer,Thika,1.1,on_time,42.9
PEZ10460,13832.53,2020-07-07,food_vendor,Nairobi,3.3,on_time,87.2
PEZ10461,6117.94,2024-08-09,electronics_repair,Mombasa,,on_time,26.3
PEZ10462,1759.49,2021-01-18,agro_dealer,Kitale,,late,55.8
PEZ10463,9068.4,2023-08-18,tailoring,Eldoret,1.3,on_time,59.5
PEZ10464,787.88,2020-10-08,tailoring,Kitale,2.9,late,36.2
PEZ10465,14028.96,2023-01-18,agro_dealer,Nakuru,4.1,on_time,77.3
PEZ10466,3679.58,2023-03-04,retail_shop,Malindi,0.9,on_time,83.6
PEZ10467,552.92,2024-07-18,hardware_store,Thika,4.0,late,69.4
PEZ10468,3770.67,2021-04-21,tailoring,Nairobi,0.6,on_time,55.7
PEZ10469,28127.36,2024-02-18,salon_barber,Mombasa,3.5,on_time,17.0
PEZ10470,6721.93,2024-09-27,retail_shop,Nakuru,5.7,on_time,91.8
PEZ10471,6737.31,2023-04-26,salon_barber,Kisumu,2.3,on_time,62.0
PEZ10472,20758.19,2024-07-17,retail_shop,Thika,5.4,late,40.7
PEZ10473,6034.33,2021-03-24,pharmacy,Garissa,10.8,late,64.9
PEZ10474,4069.53,2021-11-28,retail_shop,Garissa,18.1,on_time,86.7
PEZ10475,29419.03,2020-08-15,salon_barber,Thika,1.9,late,59.2
PEZ10476,66845.25,2020-07-25,hardware_store,Thika,0.5,on_time,69.8
PEZ10477,32747.99,2023-08-02,electronics_repair,Eldoret,5.4,on_time,31.3
PEZ10478,8580.87,2024-05-30,pharmacy,Thika,4.7,on_time,79.5
PEZ10479,11568.05,2021-08-26,electronics_repair,Nakuru,3.4,on_time,26.9
PEZ10480,11054.48,2024-04-27,salon_barber,Kisumu,4.8,on_time,40.4
PEZ10481,4314.29,2023-08-02,mobile_money_agent,Nairobi,3.5,on_time,74.3
PEZ10482,6927.53,2021-10-16,mobile_money_agent,Mombasa,1.3,late,18.2
PEZ10483,24546.82,2020-01-24,salon_barber,Mombasa,1.1,on_time,63.7
PEZ10484,7686.12,2020-01-03,tailoring,Nakuru,1.5,late,58.8
PEZ10485,1761.76,2024-12-10,retail_shop,Malindi,1.7,on_time,45.1
PEZ10486,17318.78,2023-08-26,agro_dealer,Thika,3.8,on_time,48.4
PEZ10487,5810.16,2021-06-18,transport,Kisumu,0.8,defaulted,14.3
PEZ10488,25969.17,2020-07-09,food_vendor,Mombasa,2.9,late,81.9
PEZ10489,5068.76,2023-08-31,electronics_repair,Nyeri,7.1,on_time,67.1
PEZ10490,3600.19,2021-01-24,salon_barber,Nyeri,3.1,late,41.9
PEZ10491,27304.23,2021-05-01,agro_dealer,Garissa,6.4,late,58.5
PEZ10492,16185.66,2020-01-08,food_vendor,Nairobi,3.0,late,64.8
PEZ10493,23656.93,2020-02-22,agro_dealer,Mombasa,4.8,late,60.7
PEZ10494,47513.62,2024-05-26,transport,Kisumu,3.4,late,53.4
PEZ10495,9501.06,2021-01-13,agro_dealer,Kitale,2.0,on_time,28.7
PEZ10496,14035.09,2021-04-08,electronics_repair,Malindi,1.8,on_time,34.2
PEZ10497,14161.63,2021-12-05,tailoring,Nyeri,3.2,late,62.3
PEZ10498,23805.01,2024-08-03,hardware_store,Malindi,1.0,on_time,29.2
PEZ10499,5444.14,2021-04-27,hardware_store,Malindi,1.5,on_time,77.1
PEZ10500,30664.69,2022-11-24,pharmacy,Eldoret,3.8,on_time,68.5
PEZ10501,1548.86,2020-12-08,mobile_money_agent,Nyeri,6.0,on_time,6.8
PEZ10502,24659.21,2024-08-11,transport,Nakuru,8.1,on_time,89.8
PEZ10503,11293.05,2022-03-05,salon_barber,Nyeri,0.6,defaulted,35.8
PEZ10504,10015.39,2020-01-26,hardware_store,Malindi,1.2,on_time,66.7
PEZ10505,6751.9,2023-04-19,mobile_money_agent,Nyeri,1.5,late,53.9
PEZ10506,11030.84,2023-01-01,mobile_money_agent,Mombasa,0.7,late,34.2
PEZ10507,1436.7,2020-12-18,electronics_repair,Malindi,0.8,on_time,39.5
PEZ10508,5100.96,2024-12-26,tailoring,Malindi,0.8,late,82.5
PEZ10509,31864.72,2021-11-22,electronics_repair,Nakuru,,late,43.7
PEZ10510,11294.43,2024-11-14,tailoring,Eldoret,0.7,late,32.4
PEZ10511,10264.2,2024-02-01,transport,Kisumu,6.5,late,12.6
PEZ10512,17700.75,2024-02-26,agro_dealer,Nyeri,2.6,on_time,60.2
PEZ10513,2475.36,2021-09-29,pharmacy,Garissa,0.8,late,15.7
PEZ10514,16021.56,2021-01-29,hardware_store,Malindi,4.4,defaulted,2.9
PEZ10515,2479.07,2021-07-15,transport,Nairobi,1.6,on_time,67.3
PEZ10516,6166.44,2022-02-01,electronics_repair,Kitale,2.5,defaulted,73.4
PEZ10517,11440.84,2021-12-06,pharmacy,Nyeri,1.7,on_time,75.6
PEZ10518,2360.74,2020-11-29,salon_barber,Eldoret,9.6,on_time,79.8
PEZ10519,12113.65,2022-04-18,mobile_money_agent,Nakuru,2.9,late,77.9
PEZ10520,11853.54,2020-09-27,hardware_store,Nairobi,1.1,on_time,45.3
PEZ10521,2992.76,2023-12-30,salon_barber,Nyeri,11.0,on_time,53.3
PEZ10522,13629.6,2021-09-10,tailoring,Malindi,1.9,late,69.6
PEZ10523,13889.93,2024-09-23,hardware_store,Nyeri,1.2,on_time,35.9
PEZ10524,7031.8,2020-05-10,electronics_repair,Garissa,0.5,late,48.6
PEZ10525,7884.61,2023-08-27,electronics_repair,Eldoret,1.8,on_time,15.8
PEZ10526,39776.01,2024-07-01,tailoring,Nakuru,1.5,on_time,51.8
PEZ10527,26151.51,2021-08-28,mobile_money_agent,Malindi,1.0,on_time,76.6
PEZ10528,2670.43,2024-07-29,tailoring,Malindi,1.1,on_time,55.2
PEZ10529,8572.69,2023-10-07,transport,Thika,3.4,on_time,35.4
PEZ10530,5993.93,2021-08-24,electronics_repair,Garissa,2.2,on_time,75.3
PEZ10531,27480.6,2021-01-09,food_vendor,Kitale,4.4,on_time,72.6
PEZ10532,5186.2,2024-12-21,electronics_repair,Mombasa,2.0,on_time,34.4
PEZ10533,37566.01,2024-11-09,electronics_repair,Thika,3.9,on_time,60.8
PEZ10534,9856.09,2024-11-11,mobile_money_agent,Nyeri,1.3,on_time,43.5
PEZ10535,11286.26,2021-02-14,agro_dealer,Garissa,3.3,late,13.5
PEZ10536,22888.22,2024-11-01,electronics_repair,Malindi,1.5,late,42.6
PEZ10537,3568.22,2020-01-10,salon_barber,Mombasa,14.3,on_time,55.3
PEZ10538,2553.72,2024-05-27,pharmacy,Eldoret,5.9,late,31.3
PEZ10539,1557.7,2022-02-24,food_vendor,Kisumu,0.7,on_time,22.8
PEZ10540,18324.73,2024-03-30,retail_shop,Nairobi,2.4,on_time,36.1
PEZ10541,15297.52,2024-12-01,hardware_store,Nakuru,,late,
PEZ10542,14675.38,2024-08-14,electronics_repair,Eldoret,2.1,late,30.9
PEZ10543,10191.55,2022-06-07,retail_shop,Eldoret,1.5,on_time,49.8
PEZ10544,1595.91,2024-07-20,salon_barber,Thika,1.5,late,63.4
PEZ10545,18999.71,2023-04-22,agro_dealer,Nairobi,1.0,on_time,73.1
PEZ10546,18212.97,2023-08-04,hardware_store,Kisumu,8.5,on_time,41.0
PEZ10547,2898.37,2024-09-08,tailoring,Garissa,2.0,late,49.3
PEZ10548,4107.46,2022-08-29,retail_shop,Nairobi,12.3,on_time,45.3
PEZ10549,1416.11,2023-09-18,salon_barber,Nakuru,0.6,on_time,27.3
PEZ10550,12716.5,2022-11-13,hardware_store,Eldoret,8.9,on_time,61.6
PEZ10551,1965.63,2024-05-12,mobile_money_agent,Mombasa,0.7,on_time,58.5
PEZ10552,12498.81,2023-01-27,tailoring,Garissa,3.1,late,53.8
PEZ10553,7568.29,2020-07-01,pharmacy,Nakuru,1.8,defaulted,77.1
PEZ10554,2205.38,2024-01-21,food_vendor,Nyeri,2.5,on_time,43.0
PEZ10555,57364.13,2020-04-12,food_vendor,Eldoret,5.7,late,28.2
PEZ10556,45408.99,2022-05-22,food_vendor,Kisumu,2.4,on_time,31.0
PEZ10557,3271.46,2023-08-18,,Mombasa,0.7,late,54.1
PEZ10558,12128.34,2020-07-09,salon_barber,Thika,3.8,on_time,58.9
PEZ10559,6070.55,2022-02-28,electronics_repair,Thika,3.3,late,66.8
PEZ10560,5557.79,2020-04-30,pharmacy,Malindi,2.1,on_time,48.1
PEZ10561,6049.58,2021-01-06,salon_barber,Mombasa,5.8,on_time,69.6
PEZ10562,6273.37,2024-01-29,mobile_money_agent,Malindi,2.9,on_time,43.8
PEZ10563,59269.79,2021-06-19,salon_barber,Kitale,7.9,defaulted,49.2
PEZ10564,10657.59,2023-03-03,electronics_repair,Nairobi,2.2,on_time,62.3
PEZ10565,15594.55,2024-01-28,transport,Thika,2.8,on_time,27.4
PEZ10566,1387.7,2023-02-17,transport,Kitale,2.5,on_time,29.5
PEZ10567,31153.12,2022-10-12,mobile_money_agent,Nairobi,,on_time,82.9
PEZ10568,5788.46,2022-11-04,salon_barber,Mombasa,1.4,late,39.0
PEZ10569,855.65,2024-06-28,transport,Garissa,4.0,on_time,80.0
PEZ10570,5034.21,2024-03-06,mobile_money_agent,Kitale,1.0,on_time,46.7
PEZ10571,2610.59,2024-06-09,retail_shop,Mombasa,0.8,on_time,
PEZ10572,4879.16,2022-07-23,mobile_money_agent,Nyeri,1.3,on_time,63.6
PEZ10573,5660.31,2024-04-20,electronics_repair,Thika,8.3,on_time,39.7
PEZ10574,22127.86,2024-04-04,mobile_money_agent,Nyeri,3.1,late,62.5
PEZ10575,2923.37,2022-12-05,transport,Nairobi,3.2,late,57.8
PEZ10576,8690.01,2024-01-17,electronics_repair,Mombasa,,on_time,76.5
PEZ10577,1112.69,2021-03-17,agro_dealer,Mombasa,5.9,on_time,27.6
PEZ10578,3732.99,2024-09-11,pharmacy,Nakuru,6.6,on_time,26.9
PEZ10579,10427.14,2020-10-02,mobile_money_agent,Mombasa,2.5,on_time,18.3
PEZ10580,6838.56,2022-09-16,pharmacy,Nairobi,5.4,on_time,
PEZ10581,38862.93,2023-09-08,hardware_store,Kisumu,1.8,late,86.4
PEZ10582,5851.26,2023-11-19,mobile_money_agent,Nyeri,1.1,on_time,24.4
PEZ10583,13582.23,2020-10-09,transport,Eldoret,1.6,on_time,73.0
PEZ10584,4040.56,2024-10-28,agro_dealer,Nyeri,5.7,on_time,57.9
PEZ10585,14842.11,2021-12-08,electronics_repair,Garissa,3.8,late,46.4
PEZ10586,1305.07,2021-12-22,salon_barber,Kisumu,3.1,late,72.8
PEZ10587,20497.23,2024-09-19,hardware_store,Kitale,2.1,on_time,22.3
PEZ10588,3927.48,2022-02-19,,Eldoret,2.9,late,48.0
PEZ10589,41079.45,2021-08-09,salon_barber,Nairobi,6.5,late,27.0
PEZ10590,3767.4,2020-03-07,tailoring,Kisumu,3.1,on_time,50.0
PEZ10591,23691.86,2024-02-29,electronics_repair,Kitale,4.0,on_time,84.4
PEZ10592,977.63,2023-09-22,hardware_store,Malindi,0.6,late,61.6
PEZ10593,8741.85,2023-02-04,retail_shop,Malindi,1.7,late,44.1
PEZ10594,3393.93,2022-06-26,retail_shop,Nairobi,2.2,on_time,55.9
PEZ10595,9860.62,2021-01-31,transport,Thika,10.6,on_time,45.7
PEZ10596,6126.82,2022-11-18,tailoring,Kitale,1.8,late,56.8
PEZ10597,26429.45,2024-09-28,food_vendor,Malindi,,late,73.4
PEZ10598,2597.52,2021-10-22,tailoring,Nairobi,9.3,late,57.9
PEZ10599,3788.82,2024-06-05,mobile_money_agent,Nairobi,3.2,on_time,87.6
PEZ10600,10686.35,2021-01-11,mobile_money_agent,Garissa,2.0,late,62.8
PEZ10601,14889.44,2021-12-16,hardware_store,Mombasa,4.2,on_time,36.1
PEZ10602,1654.38,2023-06-20,transport,Nakuru,0.8,on_time,66.4
PEZ10603,7851.72,2023-10-01,hardware_store,Kitale,1.3,defaulted,57.3
PEZ10604,22351.43,2020-03-22,electronics_repair,Kitale,2.8,late,66.3
PEZ10605,3239.17,2021-08-02,electronics_repair,Malindi,2.0,on_time,51.0
PEZ10606,18393.05,2020-03-30,retail_shop,Garissa,3.1,on_time,38.5
PEZ10607,5117.65,2024-05-02,tailoring,Nakuru,2.6,on_time,39.6
PEZ10608,6373.14,2024-11-06,hardware_store,Garissa,,on_time,17.5
PEZ10609,26383.42,2022-06-10,agro_dealer,Mombasa,0.8,on_time,88.7
PEZ10610,7946.85,2020-12-30,food_vendor,Kisumu,,defaulted,53.8
PEZ10611,3633.11,2022-07-12,tailoring,Garissa,1.6,on_time,60.0
PEZ10612,3228.46,2024-01-15,agro_dealer,Malindi,3.6,defaulted,61.7
PEZ10613,27548.69,2022-10-26,mobile_money_agent,Mombasa,1.8,late,45.5
PEZ10614,10077.14,2022-06-15,food_vendor,Eldoret,2.0,on_time,50.1
PEZ10615,4942.59,2024-03-09,agro_dealer,Malindi,11.0,late,
PEZ10616,6546.4,2024-06-16,agro_dealer,Garissa,1.0,on_time,15.4
PEZ10617,3717.12,2023-05-06,electronics_repair,Nairobi,2.0,defaulted,35.9
PEZ10618,93394.03,2024-01-26,agro_dealer,Garissa,5.5,on_time,44.0
PEZ10619,5644.36,2021-03-28,electronics_repair,Nakuru,3.1,late,56.8
PEZ10620,21935.73,2024-10-09,mobile_money_agent,Eldoret,1.0,on_time,22.9
PEZ10621,32556.51,2021-02-08,hardware_store,Kitale,3.1,late,51.3
PEZ10622,6491.91,2021-08-06,mobile_money_agent,Kitale,3.0,late,32.6
PEZ10623,11127.19,2021-09-18,mobile_money_agent,Mombasa,3.2,on_time,13.4
PEZ10624,14179.85,2020-01-10,mobile_money_agent,Kisumu,2.4,on_time,60.6
PEZ10625,32182.0,2022-01-06,electronics_repair,Nakuru,0.6,late,25.1
PEZ10626,18850.28,2023-02-03,salon_barber,Thika,9.5,on_time,60.6
PEZ10627,6410.32,2024-12-30,food_vendor,Kisumu,2.2,on_time,10.1
PEZ10628,27128.71,2020-02-08,hardware_store,Nakuru,1.2,late,58.1
PEZ10629,1769.41,2020-03-16,hardware_store,Nairobi,5.3,late,66.6
PEZ10630,13431.08,2022-01-19,hardware_store,Eldoret,10.0,on_time,91.6
PEZ10631,4480.5,2022-10-23,agro_dealer,Nakuru,3.0,late,62.8
PEZ10632,4683.65,2024-07-09,hardware_store,Mombasa,2.2,on_time,64.7
PEZ10633,6649.06,2023-03-04,mobile_money_agent,Kisumu,0.7,on_time,96.5
PEZ10634,3887.19,2021-06-25,salon_barber,Kitale,2.6,late,
PEZ10635,66414.66,2022-08-19,electronics_repair,Nakuru,,late,58.5
PEZ10636,18415.85,2023-07-21,pharmacy,Nairobi,,on_time,69.7
PEZ10637,11149.62,2023-04-18,tailoring,Eldoret,1.1,on_time,14.9
PEZ10638,8973.89,2024-07-31,food_vendor,Garissa,1.0,on_time,68.6
PEZ10639,9048.82,2022-06-19,,Kitale,3.8,on_time,10.5
PEZ10640,4600.28,2022-01-11,salon_barber,Nakuru,4.4,late,84.7
PEZ10641,3302.74,2023-10-14,mobile_money_agent,Mombasa,1.1,late,43.3
PEZ10642,1759.36,2020-03-29,pharmacy,Kitale,5.1,defaulted,65.7
PEZ10643,23810.97,2020-10-27,salon_barber,Nyeri,12.0,on_time,22.5
PEZ10644,9506.37,2023-02-28,retail_shop,Kisumu,2.1,on_time,64.5
PEZ10645,24442.3,2022-09-13,retail_shop,Eldoret,1.0,on_time,90.4
PEZ10646,31827.9,2021-01-07,salon_barber,Nakuru,17.5,on_time,73.4
PEZ10647,1432.9,2023-04-24,mobile_money_agent,Garissa,2.5,on_time,13.5
PEZ10648,27029.24,2022-10-29,,Nakuru,1.0,on_time,94.4
PEZ10649,47985.55,2024-12-02,agro_dealer,Kisumu,3.0,on_time,27.5
PEZ10650,49489.46,2023-01-09,hardware_store,Garissa,4.5,on_time,15.8
PEZ10651,6451.78,2021-04-14,retail_shop,Malindi,2.7,on_time,19.2
PEZ10652,3323.53,2023-03-25,pharmacy,Malindi,4.5,on_time,58.5
PEZ10653,657.97,2021-08-03,food_vendor,Malindi,3.4,on_time,38.5
PEZ10654,38514.81,2023-03-29,mobile_money_agent,Garissa,1.2,on_time,62.5
PEZ10655,3677.5,2022-04-17,hardware_store,Mombasa,7.8,on_time,53.0
PEZ10656,3924.14,2022-05-17,electronics_repair,Mombasa,1.4,on_time,90.9
PEZ10657,8902.83,2023-02-04,mobile_money_agent,Thika,0.8,late,83.3
PEZ10658,7278.25,2023-03-29,hardware_store,Kitale,2.0,on_time,52.3
PEZ10659,9886.74,2022-07-03,electronics_repair,Malindi,3.0,on_time,58.4
PEZ10660,6144.82,2023-11-28,salon_barber,Mombasa,4.3,on_time,68.2
PEZ10661,25606.65,2022-08-23,retail_shop,Kisumu,1.2,on_time,58.2
PEZ10662,14181.6,2024-01-23,mobile_money_agent,Malindi,1.3,on_time,50.1
PEZ10663,23258.18,2024-05-03,agro_dealer,Malindi,1.6,on_time,40.2
PEZ10664,8285.02,2021-08-08,salon_barber,Kitale,2.0,on_time,73.1
PEZ10665,17397.91,2023-10-12,transport,Nairobi,1.6,on_time,9.3
PEZ10666,30990.38,2024-05-15,retail_shop,Thika,2.1,on_time,
PEZ10667,2547.89,2023-12-12,agro_dealer,Thika,7.3,defaulted,70.9
PEZ10668,5556.13,2021-12-12,food_vendor,Mombasa,2.5,on_time,53.5
PEZ10669,12372.26,2021-06-18,tailoring,Nakuru,6.4,on_time,72.8
PEZ10670,2845.93,2020-08-27,salon_barber,Malindi,9.2,late,13.4
PEZ10671,11391.86,2022-02-11,hardware_store,Eldoret,1.6,on_time,53.1
PEZ10672,18873.73,2022-08-01,mobile_money_agent,Kitale,4.7,on_time,71.6
PEZ10673,49341.27,2021-03-27,mobile_money_agent,Nairobi,1.4,on_time,72.0
PEZ10674,8875.95,2021-06-23,transport,Thika,2.0,on_time,62.8
PEZ10675,11823.32,2020-12-31,transport,Eldoret,3.3,late,70.4
PEZ10676,11630.84,2023-10-31,pharmacy,Thika,0.8,on_time,42.4
PEZ10677,9772.19,2021-04-14,transport,Kitale,0.9,late,59.4
PEZ10678,8299.04,2020-06-09,transport,Nakuru,1.4,late,78.8
PEZ10679,2313.93,2022-01-30,pharmacy,Nyeri,,on_time,74.9
PEZ10680,10044.96,2022-10-02,mobile_money_agent,Thika,2.2,on_time,33.0
PEZ10681,5530.69,2024-06-24,salon_barber,Garissa,3.2,defaulted,19.9
PEZ10682,8816.0,2024-05-08,agro_dealer,Kitale,5.6,on_time,
PEZ10683,8275.55,2020-01-25,salon_barber,Kitale,1.7,on_time,74.4
PEZ10684,13079.73,2023-01-28,transport,Malindi,1.8,late,26.5
PEZ10685,6073.0,2022-05-18,tailoring,Nakuru,1.1,late,59.2
PEZ10686,34737.7,2021-01-03,transport,Malindi,2.2,late,72.4
PEZ10687,5147.2,2024-07-04,mobile_money_agent,Kisumu,0.9,on_time,65.7
PEZ10688,6552.3,2020-11-02,transport,Garissa,1.8,on_time,84.7
PEZ10689,1594.64,2022-11-24,pharmacy,Nairobi,14.0,on_time,69.0
PEZ10690,1956.37,2022-03-26,hardware_store,Thika,6.3,on_time,66.5
PEZ10691,3678.1,2022-07-10,food_vendor,Kisumu,5.6,on_time,63.0
PEZ10692,20333.22,2020-02-10,electronics_repair,Eldoret,0.7,late,80.8
PEZ10693,5931.38,2023-08-23,agro_dealer,Mombasa,7.6,on_time,59.3
PEZ10694,5514.88,2024-05-05,hardware_store,Kisumu,0.7,on_time,50.1
PEZ10695,5075.49,2020-12-09,pharmacy,Mombasa,3.5,late,46.5
PEZ10696,38943.47,2020-11-27,electronics_repair,Malindi,0.7,defaulted,41.9
PEZ10697,3324.62,2022-03-20,electronics_repair,Nakuru,8.7,on_time,64.4
PEZ10698,4854.18,2022-07-11,tailoring,Kitale,1.9,on_time,96.2
PEZ10699,29748.29,2024-03-03,agro_dealer,Kisumu,2.6,on_time,
PEZ10700,7085.77,2023-01-28,food_vendor,Nakuru,2.9,on_time,61.4
PEZ10701,7085.85,2023-06-19,retail_shop,Nairobi,0.6,late,47.5
PEZ10702,5539.13,2021-08-04,salon_barber,Mombasa,4.8,late,79.4
PEZ10703,19183.71,2024-10-28,,Kisumu,8.8,on_time,38.3
PEZ10704,10911.85,2020-10-03,electronics_repair,Kitale,0.7,on_time,46.1
PEZ10705,5783.77,2022-06-09,hardware_store,Kisumu,5.6,on_time,31.8
PEZ10706,4977.14,2022-06-23,hardware_store,Garissa,1.6,on_time,43.1
PEZ10707,18053.25,2024-04-01,,Thika,2.4,on_time,65.8
PEZ10708,4428.57,2024-03-27,salon_barber,Thika,0.6,on_time,14.3
PEZ10709,6222.72,2020-01-15,pharmacy,Eldoret,,late,29.3
PEZ10710,15720.58,2024-01-04,hardware_store,Thika,0.5,late,28.4
PEZ10711,90600.71,2024-06-26,agro_dealer,Malindi,2.9,on_time,15.3
PEZ10712,11863.77,2024-10-13,mobile_money_agent,Eldoret,1.0,on_time,34.8
PEZ10713,1525.58,2023-12-05,food_vendor,Kisumu,4.5,on_time,52.1
PEZ10714,4555.63,2021-01-15,mobile_money_agent,Kitale,4.6,on_time,
PEZ10715,25620.02,2020-11-04,food_vendor,Eldoret,1.8,late,66.7
PEZ10716,14348.61,2022-01-30,retail_shop,Kitale,1.9,on_time,42.7
PEZ10717,4654.84,2024-05-07,pharmacy,Nairobi,5.4,defaulted,26.6
PEZ10718,13199.12,2022-02-20,agro_dealer,Mombasa,4.6,late,90.5
PEZ10719,3347.07,2021-05-21,retail_shop,Mombasa,2.9,on_time,56.7
PEZ10720,18919.19,2022-08-26,retail_shop,Nakuru,7.3,on_time,8.3
PEZ10721,13015.99,2023-01-30,agro_dealer,Eldoret,0.9,on_time,83.6
PEZ10722,19230.32,2024-11-03,hardware_store,Mombasa,3.3,on_time,79.4
PEZ10723,25967.04,2023-04-12,,Mombasa,0.7,on_time,76.0
PEZ10724,7014.34,2022-08-31,food_vendor,Malindi,1.7,on_time,
PEZ10725,2521.14,2023-06-20,mobile_money_agent,Kisumu,1.1,late,28.5
PEZ10726,1240.51,2020-09-14,electronics_repair,Nairobi,1.2,on_time,48.2
PEZ10727,1495.99,2024-12-31,pharmacy,Nakuru,3.8,on_time,62.0
PEZ10728,4004.52,2020-03-21,pharmacy,Nakuru,,late,60.9
PEZ10729,8751.52,2023-01-18,pharmacy,Kitale,3.0,on_time,21.2
PEZ10730,36608.93,2023-02-09,electronics_repair,Thika,3.2,on_time,34.0
PEZ10731,4808.27,2022-07-18,salon_barber,Mombasa,2.5,on_time,7.3
PEZ10732,55963.75,2024-05-08,,Garissa,0.8,on_time,73.6
PEZ10733,26455.71,2021-01-23,mobile_money_agent,Nakuru,3.0,on_time,63.5
PEZ10734,6423.35,2021-10-21,hardware_store,Kitale,0.6,on_time,23.5
PEZ10735,11814.61,2024-11-23,food_vendor,Mombasa,2.9,late,17.9
PEZ10736,3963.71,2022-03-06,retail_shop,Nakuru,2.5,on_time,36.4
PEZ10737,4129.08,2024-01-10,pharmacy,Garissa,2.6,late,35.3
PEZ10738,7622.79,2020-06-12,food_vendor,Nairobi,0.6,on_time,72.4
PEZ10739,2638.19,2024-06-14,pharmacy,Nairobi,3.1,on_time,66.6
PEZ10740,10727.14,2021-03-18,retail_shop,Nyeri,1.9,late,
PEZ10741,69458.37,2023-09-07,hardware_store,Mombasa,4.1,late,79.0
PEZ10742,19411.65,2020-08-04,transport,Nyeri,4.8,on_time,55.1
PEZ10743,2368.14,2024-06-10,mobile_money_agent,Thika,3.3,late,65.5
PEZ10744,31889.87,2022-06-26,salon_barber,Garissa,3.0,on_time,29.7
PEZ10745,16478.05,2023-07-20,electronics_repair,Thika,0.7,on_time,15.0
PEZ10746,10407.64,2024-03-04,agro_dealer,Thika,3.1,on_time,20.5
PEZ10747,25018.58,2021-08-05,tailoring,Thika,0.9,on_time,50.7
PEZ10748,7383.6,2021-03-30,mobile_money_agent,Nairobi,1.1,late,23.6
PEZ10749,5644.11,2023-02-07,transport,Thika,,late,50.9
PEZ10750,8773.62,2020-11-15,hardware_store,Garissa,2.2,on_time,41.7
PEZ10751,17332.21,2020-07-07,salon_barber,Eldoret,0.8,on_time,55.3
PEZ10752,3257.34,2022-09-15,mobile_money_agent,Malindi,0.9,on_time,45.5
PEZ10753,18236.92,2023-05-04,salon_barber,Kitale,4.1,on_time,16.8
PEZ10754,27232.29,2024-04-27,tailoring,Nairobi,2.0,defaulted,52.9
PEZ10755,2712.52,2024-04-26,electronics_repair,Thika,2.2,late,54.2
PEZ10756,7007.59,2022-12-09,transport,Nyeri,2.0,defaulted,9.2
PEZ10757,1507.82,2020-04-13,retail_shop,Thika,2.4,late,69.1
PEZ10758,9284.84,2024-05-29,agro_dealer,Kitale,3.1,on_time,59.7
PEZ10759,8661.06,2022-03-28,agro_dealer,Kisumu,0.5,defaulted,42.5
PEZ10760,767.14,2022-09-11,tailoring,Mombasa,7.7,on_time,65.0
PEZ10761,7828.12,2024-02-15,hardware_store,Nakuru,10.7,on_time,55.8
PEZ10762,1258.97,2023-03-25,hardware_store,Nakuru,2.1,on_time,39.2
PEZ10763,4429.8,2023-05-01,food_vendor,Mombasa,2.4,on_time,71.7
PEZ10764,12833.07,2023-06-30,retail_shop,Eldoret,1.6,on_time,24.8
PEZ10765,7622.13,2024-03-31,salon_barber,Kitale,,on_time,75.4
PEZ10766,7347.9,2024-08-31,food_vendor,Mombasa,2.4,late,17.6
PEZ10767,20671.35,2021-11-10,tailoring,Nairobi,3.3,on_time,29.2
PEZ10768,15949.48,2023-06-29,transport,Garissa,2.4,on_time,69.6
PEZ10769,1561.08,2020-05-03,salon_barber,Nairobi,10.3,late,60.8
PEZ10770,9408.38,2020-01-18,tailoring,Nakuru,1.5,on_time,75.5
PEZ10771,6907.17,2020-08-08,food_vendor,Malindi,2.2,on_time,14.2
PEZ10772,8306.25,2023-12-24,retail_shop,Eldoret,3.0,on_time,64.0
PEZ10773,79260.83,2022-07-26,food_vendor,Thika,2.3,late,35.1
PEZ10774,9417.16,2024-03-04,hardware_store,Nairobi,,on_time,82.2
PEZ10775,4402.89,2022-10-23,salon_barber,Nairobi,14.4,late,58.7
PEZ10776,11561.45,2020-03-01,tailoring,Nairobi,2.0,on_time,78.5
PEZ10777,3939.53,2024-02-03,hardware_store,Eldoret,1.8,late,82.7
PEZ10778,9885.21,2021-05-07,agro_dealer,Garissa,1.4,late,42.6
PEZ10779,5535.87,2020-09-26,mobile_money_agent,Kisumu,4.3,on_time,38.6
PEZ10780,2330.26,2023-11-11,transport,Kisumu,10.7,late,73.9
PEZ10781,20735.02,2023-03-02,hardware_store,Kisumu,10.7,on_time,18.2
PEZ10782,2389.7,2024-09-15,salon_barber,Thika,0.7,late,68.4
PEZ10783,2162.62,2022-06-26,salon_barber,Nairobi,2.5,on_time,39.9
PEZ10784,10532.43,2023-06-07,tailoring,Kisumu,3.1,on_time,82.7
PEZ10785,16046.73,2020-02-23,mobile_money_agent,Eldoret,0.7,late,55.1
PEZ10786,4598.52,2023-12-29,electronics_repair,Mombasa,0.6,on_time,28.4
PEZ10787,4103.12,2020-03-07,electronics_repair,Kisumu,3.4,late,32.9
PEZ10788,10868.77,2021-02-19,agro_dealer,Nairobi,1.2,on_time,84.3
PEZ10789,3318.18,2023-11-09,transport,Mombasa,9.8,on_time,72.9
PEZ10790,5451.27,2024-08-15,electronics_repair,Kitale,5.0,on_time,49.9
PEZ10791,3241.72,2023-08-06,agro_dealer,Thika,4.1,on_time,83.6
PEZ10792,20577.11,2021-05-18,retail_shop,Garissa,4.9,on_time,75.9
PEZ10793,40299.38,2023-07-15,hardware_store,Garissa,13.6,on_time,50.2
PEZ10794,19162.77,2022-08-02,retail_shop,Nakuru,1.0,on_time,33.1
PEZ10795,79082.2,2022-08-07,salon_barber,Malindi,7.1,on_time,10.7
PEZ10796,2556.17,2023-11-26,pharmacy,Mombasa,1.3,on_time,11.3
PEZ10797,11135.67,2023-12-30,,Kisumu,2.4,on_time,44.3
PEZ10798,51998.89,2020-12-01,transport,Kitale,5.5,on_time,36.6
PEZ10799,5860.95,2022-02-25,food_vendor,Mombasa,2.3,on_time,64.7
PEZ10800,4912.87,2021-11-17,hardware_store,Nyeri,2.2,on_time,89.8
PEZ10801,23246.76,2021-09-22,mobile_money_agent,Kisumu,0.8,defaulted,56.5
PEZ10802,5397.86,2020-01-08,tailoring,Kitale,0.8,on_time,58.7
PEZ10803,11728.46,2023-05-30,mobile_money_agent,Eldoret,,on_time,21.7
PEZ10804,11168.77,2023-05-16,pharmacy,Nakuru,0.9,on_time,19.0
PEZ10805,13511.91,2024-08-17,mobile_money_agent,Nairobi,0.6,on_time,33.9
PEZ10806,4714.94,2020-03-07,transport,Nairobi,11.6,late,50.1
PEZ10807,51449.22,2020-12-31,mobile_money_agent,Nyeri,1.8,on_time,56.2
PEZ10808,3838.97,2020-12-29,salon_barber,Eldoret,2.2,on_time,64.4
PEZ10809,5795.87,2022-02-15,pharmacy,Nyeri,11.3,late,
PEZ10810,5872.38,2024-10-26,food_vendor,Malindi,3.8,late,17.8
PEZ10811,21318.09,2020-08-11,tailoring,Thika,3.2,on_time,54.5
PEZ10812,11057.43,2023-12-18,mobile_money_agent,Garissa,0.7,on_time,57.5
PEZ10813,26342.75,2021-12-25,tailoring,Malindi,1.1,on_time,19.8
PEZ10814,4955.54,2021-01-03,salon_barber,Nyeri,2.9,on_time,60.1
PEZ10815,4476.85,2023-07-04,,Nakuru,0.7,defaulted,38.3
PEZ10816,17104.09,2023-02-21,food_vendor,Nakuru,1.7,on_time,92.4
PEZ10817,15214.14,2021-09-06,transport,Nairobi,3.1,late,86.8
PEZ10818,2574.99,2024-01-23,hardware_store,Garissa,0.9,late,
PEZ10819,28091.84,2023-10-09,mobile_money_agent,Nyeri,0.8,on_time,30.2
PEZ10820,9892.04,2024-12-31,pharmacy,Kitale,4.1,on_time,53.2
PEZ10821,3576.26,2022-12-03,hardware_store,Thika,0.6,defaulted,39.1
PEZ10822,8134.59,2023-11-04,tailoring,Nyeri,1.3,late,64.9
PEZ10823,15922.84,2022-02-07,electronics_repair,Thika,7.8,on_time,90.1
PEZ10824,10189.84,2024-03-19,hardware_store,Kisumu,4.0,on_time,63.9
PEZ10825,1146.31,2022-01-31,tailoring,Thika,1.5,on_time,34.5
PEZ10826,7714.02,2024-05-11,pharmacy,Eldoret,7.9,on_time,64.6
PEZ10827,4488.73,2021-01-24,transport,Mombasa,9.2,on_time,
PEZ10828,2582.31,2024-11-20,electronics_repair,Kitale,0.8,late,76.7
PEZ10829,2295.69,2024-01-01,food_vendor,Garissa,0.8,on_time,37.7
PEZ10830,21431.51,2020-06-27,hardware_store,Mombasa,,on_time,43.7
PEZ10831,26899.84,2020-02-16,electronics_repair,Kitale,3.0,on_time,30.3
PEZ10832,9201.23,2022-12-26,mobile_money_agent,Eldoret,13.2,late,17.5
PEZ10833,1172.28,2023-06-29,electronics_repair,Kitale,1.9,late,86.2
PEZ10834,7133.36,2023-12-13,hardware_store,Garissa,4.8,late,54.8
PEZ10835,19397.87,2022-06-27,tailoring,Nyeri,7.8,on_time,66.0
PEZ10836,16305.06,2020-06-25,retail_shop,Kisumu,,on_time,91.1
PEZ10837,12510.16,2023-12-03,agro_dealer,Malindi,2.1,on_time,28.2
PEZ10838,8151.34,2024-07-15,pharmacy,Nyeri,20.0,on_time,53.8
PEZ10839,3465.7,2024-07-22,hardware_store,Mombasa,5.3,late,73.5
PEZ10840,8333.83,2021-04-19,pharmacy,Mombasa,1.5,on_time,23.9
PEZ10841,6821.64,2023-12-03,transport,Kisumu,2.1,on_time,58.8
PEZ10842,47862.48,2022-08-02,electronics_repair,Thika,0.9,late,
PEZ10843,2041.0,2024-08-01,salon_barber,Eldoret,4.4,late,21.7
PEZ10844,32041.4,2023-04-24,food_vendor,Thika,1.8,on_time,52.5
PEZ10845,1850.08,2021-11-28,agro_dealer,Nakuru,3.2,on_time,20.4
PEZ10846,2313.56,2023-11-22,transport,Nyeri,2.1,on_time,48.5
PEZ10847,22845.64,2022-09-23,transport,Kisumu,10.1,on_time,55.7
PEZ10848,42393.67,2021-09-22,food_vendor,Nyeri,1.0,on_time,7.8
PEZ10849,4570.23,2021-11-01,agro_dealer,Mombasa,2.3,on_time,27.4
PEZ10850,14766.54,2023-07-26,pharmacy,Nairobi,1.2,on_time,84.6
PEZ10851,7637.32,2022-07-04,retail_shop,Kisumu,3.8,on_time,74.7
PEZ10852,46563.67,2021-09-15,transport,Nakuru,1.8,on_time,46.5
PEZ10853,2050.07,2024-10-01,agro_dealer,Thika,3.1,on_time,45.2
PEZ10854,2765.66,2023-02-20,salon_barber,Eldoret,7.9,defaulted,59.3
PEZ10855,66643.88,2022-03-18,electronics_repair,Mombasa,1.9,on_time,71.1
PEZ10856,14166.38,2020-10-11,electronics_repair,Malindi,1.2,late,69.1
PEZ10857,2303.02,2024-11-22,transport,Garissa,0.8,late,14.0
PEZ10858,38711.82,2023-09-09,salon_barber,Kisumu,,on_time,45.3
PEZ10859,25089.88,2024-06-03,agro_dealer,Kisumu,0.7,on_time,21.3
PEZ10860,2272.39,2022-02-26,mobile_money_agent,Malindi,1.3,on_time,74.1
PEZ10861,10623.64,2021-04-29,electronics_repair,Nakuru,0.5,on_time,28.3
PEZ10862,29301.24,2023-03-09,hardware_store,Eldoret,5.2,on_time,37.9
PEZ10863,14592.24,2024-02-06,pharmacy,Thika,5.5,late,39.4
PEZ10864,5098.8,2022-08-25,hardware_store,Eldoret,2.5,late,49.0
PEZ10865,2495.86,2024-05-13,food_vendor,Garissa,9.6,on_time,61.0
PEZ10866,1061.03,2021-12-23,retail_shop,Kitale,3.6,on_time,56.2
PEZ10867,59685.85,2024-05-26,tailoring,Eldoret,2.6,late,78.2
PEZ10868,2740.59,2021-08-20,mobile_money_agent,Eldoret,2.5,late,76.1
PEZ10869,4225.52,2021-07-23,mobile_money_agent,Nairobi,10.3,on_time,53.0
PEZ10870,61558.28,2023-05-21,tailoring,Kisumu,5.4,on_time,24.0
PEZ10871,10411.77,2024-05-21,salon_barber,Nyeri,2.1,late,67.3
PEZ10872,2287.54,2020-10-24,transport,Kitale,1.8,on_time,23.5
PEZ10873,13317.21,2023-09-15,mobile_money_agent,Kisumu,4.3,on_time,37.6
PEZ10874,8321.13,2024-03-27,pharmacy,Kisumu,4.8,on_time,16.3
PEZ10875,500.0,2024-03-20,food_vendor,Nairobi,2.7,on_time,39.7
PEZ10876,26024.27,2024-11-17,hardware_store,Nakuru,2.5,late,39.3
PEZ10877,3892.21,2022-12-21,agro_dealer,Nairobi,2.5,late,14.4
PEZ10878,4814.59,2023-08-28,retail_shop,Mombasa,1.3,on_time,62.9
PEZ10879,3824.18,2022-08-02,tailoring,Thika,1.6,on_time,51.7
PEZ10880,3601.21,2021-10-03,transport,Nyeri,10.6,on_time,18.3
PEZ10881,4124.2,2020-07-31,,Nairobi,4.8,late,78.5
PEZ10882,12268.92,2020-07-07,pharmacy,Thika,3.0,defaulted,74.5
PEZ10883,7873.02,2023-12-21,retail_shop,Nyeri,1.8,on_time,16.5
PEZ10884,6641.88,2023-03-05,food_vendor,Mombasa,0.8,on_time,14.9
PEZ10885,5550.53,2023-08-01,salon_barber,Mombasa,1.4,on_time,45.9
PEZ10886,35947.06,2021-06-11,pharmacy,Eldoret,0.9,on_time,51.8
PEZ10887,6644.31,2021-06-12,salon_barber,Mombasa,1.0,on_time,66.3
PEZ10888,32976.0,2020-12-31,tailoring,Kisumu,8.6,on_time,34.3
PEZ10889,83952.92,2022-06-23,pharmacy,Mombasa,0.8,on_time,48.3
PEZ10890,8577.75,2020-02-08,tailoring,Mombasa,,on_time,58.7
PEZ10891,2845.41,2020-11-06,pharmacy,Kisumu,1.1,on_time,
PEZ10892,4749.33,2022-06-12,electronics_repair,Malindi,1.9,on_time,38.4
PEZ10893,25274.19,2022-09-14,agro_dealer,Mombasa,5.9,on_time,
PEZ10894,14532.34,2020-04-23,food_vendor,Nyeri,1.2,on_time,91.0
PEZ10895,3644.88,2024-04-18,food_vendor,Thika,1.6,on_time,52.9
PEZ10896,5299.02,2023-11-26,tailoring,Nakuru,5.1,late,
PEZ10897,6809.36,2024-02-14,agro_dealer,Mombasa,0.7,on_time,45.8
PEZ10898,6284.53,2022-03-07,transport,Kisumu,,late,
PEZ10899,11823.96,2020-02-03,food_vendor,Garissa,1.8,on_time,37.6
PEZ10900,3597.8,2024-07-10,retail_shop,Thika,1.9,late,65.6
PEZ10901,1260.12,2021-04-22,hardware_store,Kitale,3.5,on_time,24.8
PEZ10902,19742.37,2023-06-20,,Nairobi,2.9,on_time,66.6
PEZ10903,3297.72,2021-09-21,retail_shop,Nakuru,7.2,defaulted,54.9
PEZ10904,7517.66,2020-08-21,food_vendor,Kitale,4.7,on_time,21.2
PEZ10905,6330.37,2024-07-19,pharmacy,Nyeri,1.1,on_time,32.9
PEZ10906,6742.13,2024-06-12,agro_dealer,Thika,3.4,on_time,58.1
PEZ10907,8108.83,2022-04-30,transport,Nairobi,11.5,late,46.4
PEZ10908,73535.94,2020-07-23,salon_barber,Thika,1.6,defaulted,10.0
PEZ10909,5413.02,2021-01-02,mobile_money_agent,Malindi,3.7,defaulted,
PEZ10910,23360.01,2023-11-18,food_vendor,Nyeri,5.8,on_time,67.4
PEZ10911,6962.31,2020-12-23,salon_barber,Nakuru,2.2,late,76.7
PEZ10912,10115.79,2024-08-19,mobile_money_agent,Nairobi,9.6,late,70.8
PEZ10913,500.0,2020-07-14,tailoring,Thika,1.6,on_time,57.1
PEZ10914,4862.47,2023-07-06,mobile_money_agent,Thika,1.9,on_time,19.0
PEZ10915,3102.21,2022-08-29,transport,Eldoret,2.7,on_time,83.1
PEZ10916,165166.89,2021-03-05,pharmacy,Kisumu,4.4,on_time,62.4
PEZ10917,731.76,2024-02-25,agro_dealer,Eldoret,1.8,late,77.2
PEZ10918,3996.18,2021-04-26,retail_shop,Garissa,0.6,late,28.8
PEZ10919,3532.28,2021-04-16,pharmacy,Nyeri,1.1,on_time,77.8
PEZ10920,8579.39,2024-12-30,food_vendor,Thika,3.7,late,25.4
PEZ10921,8282.22,2023-06-02,transport,Mombasa,4.2,late,66.3
PEZ10922,5043.32,2021-07-06,pharmacy,Kisumu,8.1,on_time,41.9
PEZ10923,1516.57,2024-10-10,transport,Thika,2.4,late,96.1
PEZ10924,13473.57,2020-11-17,pharmacy,Kitale,1.8,on_time,76.7
PEZ10925,19960.22,2022-12-04,mobile_money_agent,Kisumu,7.8,on_time,42.0
PEZ10926,3381.94,2024-02-16,pharmacy,Nakuru,0.6,on_time,80.4
PEZ10927,4815.34,2020-11-01,transport,Nakuru,3.0,on_time,42.1
PEZ10928,12446.29,2022-10-29,mobile_money_agent,Nairobi,14.5,on_time,
PEZ10929,16992.81,2022-07-15,retail_shop,Malindi,6.9,on_time,70.0
PEZ10930,1209.46,2021-03-22,pharmacy,Nakuru,2.7,on_time,72.5
PEZ10931,8129.14,2021-09-16,salon_barber,Thika,7.9,on_time,19.8
PEZ10932,19723.01,2024-04-29,,Kitale,0.7,on_time,57.6
PEZ10933,1431.57,2020-01-03,salon_barber,Malindi,4.3,on_time,71.9
PEZ10934,5302.3,2021-07-06,food_vendor,Malindi,0.6,on_time,52.5
PEZ10935,15168.17,2021-11-18,mobile_money_agent,Garissa,10.9,on_time,35.2
PEZ10936,7312.43,2022-01-18,retail_shop,Garissa,1.1,late,54.8
PEZ10937,8583.54,2023-02-22,pharmacy,Nyeri,,on_time,53.4
PEZ10938,26655.38,2024-03-20,transport,Kisumu,0.7,on_time,25.5
PEZ10939,10370.51,2022-10-28,mobile_money_agent,Nakuru,3.6,on_time,36.8
PEZ10940,8003.12,2024-08-25,agro_dealer,Eldoret,2.5,on_time,20.5
PEZ10941,5853.75,2023-06-25,food_vendor,Kitale,2.2,late,38.2
PEZ10942,14918.74,2021-01-01,electronics_repair,Mombasa,0.6,on_time,43.1
PEZ10943,5784.53,2024-11-26,tailoring,Mombasa,2.4,on_time,48.7
PEZ10944,33948.03,2020-09-27,transport,Garissa,5.1,on_time,
PEZ10945,5298.09,2020-02-15,,Thika,6.1,late,52.5
PEZ10946,2498.21,2021-10-30,transport,Garissa,6.0,on_time,54.1
PEZ10947,7791.3,2023-03-07,pharmacy,Nyeri,2.3,on_time,19.1
PEZ10948,8177.49,2024-04-25,salon_barber,Eldoret,0.8,on_time,32.4
PEZ10949,3356.24,2023-12-28,retail_shop,Kisumu,1.7,on_time,74.1
PEZ10950,4657.83,2024-06-15,hardware_store,Eldoret,0.7,on_time,86.0
PEZ10951,38322.81,2021-06-17,salon_barber,Kisumu,1.0,late,
PEZ10952,10162.96,2020-10-29,electronics_repair,Kisumu,0.5,on_time,7.5
PEZ10953,10450.72,2022-04-08,electronics_repair,Kitale,1.9,on_time,63.4
PEZ10954,34160.54,2023-01-23,pharmacy,Kisumu,2.1,on_time,41.5
PEZ10955,10550.23,2024-03-24,hardware_store,Thika,2.0,on_time,46.9
PEZ10956,27715.72,2020-08-18,mobile_money_agent,Kisumu,3.1,on_time,83.5
PEZ10957,3735.73,2024-09-18,pharmacy,Nairobi,2.7,on_time,61.5
PEZ10958,15403.85,2022-12-14,transport,Kitale,0.6,late,78.7
PEZ10959,30356.02,2020-06-27,transport,Eldoret,2.6,on_time,32.5
PEZ10960,50757.78,2023-09-27,hardware_store,Malindi,1.1,on_time,43.6
PEZ10961,15938.27,2021-08-05,electronics_repair,Malindi,2.1,on_time,74.2
PEZ10962,5945.2,2024-12-23,electronics_repair,Thika,3.2,late,22.4
PEZ10963,11046.15,2022-05-18,pharmacy,Malindi,2.5,on_time,35.1
PEZ10964,18320.3,2024-11-11,agro_dealer,Kisumu,6.4,on_time,69.0
PEZ10965,14942.92,2022-04-18,hardware_store,Thika,1.3,defaulted,25.2
PEZ10966,10816.9,2021-02-12,tailoring,Malindi,2.2,on_time,10.8
PEZ10967,4424.59,2023-04-13,salon_barber,Malindi,1.7,late,29.0
PEZ10968,21334.97,2021-06-21,,Kitale,0.7,defaulted,56.3
PEZ10969,24665.93,2023-11-09,tailoring,Kitale,2.9,late,73.7
PEZ10970,1012.69,2024-03-06,transport,Nairobi,0.5,defaulted,19.3
PEZ10971,18448.11,2023-11-22,electronics_repair,Nyeri,5.2,on_time,81.2
PEZ10972,1443.87,2020-04-29,food_vendor,Thika,1.8,late,59.7
PEZ10973,14217.8,2022-01-09,salon_barber,Thika,1.9,defaulted,17.2
PEZ10974,3563.56,2021-01-31,agro_dealer,Thika,,defaulted,80.5
PEZ10975,3839.71,2024-09-26,salon_barber,Mombasa,2.2,late,30.8
PEZ10976,6767.04,2024-08-13,tailoring,Eldoret,5.8,on_time,93.0
PEZ10977,5160.19,2020-11-29,salon_barber,Nairobi,1.3,on_time,85.7
PEZ10978,1620.48,2023-06-10,food_vendor,Nakuru,9.1,on_time,73.0
PEZ10979,6745.22,2020-06-05,hardware_store,Garissa,2.9,on_time,19.5
PEZ10980,20167.58,2024-07-31,food_vendor,Kisumu,20.0,on_time,49.2
PEZ10981,5970.17,2024-03-04,pharmacy,Nyeri,7.6,late,29.1
PEZ10982,22020.18,2021-03-05,food_vendor,Nakuru,0.9,late,40.5
PEZ10983,4979.2,2022-09-18,salon_barber,Mombasa,2.3,defaulted,33.9
PEZ10984,12184.95,2022-08-18,agro_dealer,Nairobi,2.6,on_time,
PEZ10985,1628.22,2020-09-10,,Eldoret,,defaulted,72.8
PEZ10986,6398.99,2020-10-25,mobile_money_agent,Nakuru,2.4,defaulted,42.7
PEZ10987,18110.67,2021-05-10,tailoring,Nyeri,2.4,on_time,32.6
PEZ10988,7248.21,2024-01-05,hardware_store,Nyeri,1.7,on_time,79.4
PEZ10989,51710.22,2021-03-14,,Eldoret,0.9,on_time,74.5
PEZ10990,16100.86,2021-01-05,hardware_store,Kitale,11.6,on_time,30.4
PEZ10991,2892.45,2021-10-05,electronics_repair,Malindi,0.8,on_time,55.2
PEZ10992,24151.53,2023-02-15,food_vendor,Kitale,1.0,on_time,71.9
PEZ10993,9864.94,2021-09-30,retail_shop,Mombasa,1.5,on_time,28.7
PEZ10994,10999.05,2020-05-22,pharmacy,Nakuru,10.0,late,68.0
PEZ10995,3931.86,2022-06-16,pharmacy,Thika,10.0,late,20.9
PEZ10996,19500.25,2024-02-27,hardware_store,Mombasa,6.3,on_time,26.1
PEZ10997,7682.94,2022-04-07,salon_barber,Mombasa,1.2,on_time,24.0
PEZ10998,6831.18,2023-04-06,food_vendor,Nakuru,1.2,on_time,36.6
PEZ10999,2177.27,2023-09-27,mobile_money_agent,Eldoret,7.3,on_time,25.5
PEZ11000,11609.0,2020-09-07,mobile_money_agent,Malindi,0.7,on_time,56.2
PEZ11001,10048.92,2020-04-18,tailoring,Kitale,2.1,late,56.3
PEZ11002,25335.84,2020-11-08,food_vendor,Kitale,2.1,on_time,33.0
PEZ11003,6943.95,2022-10-05,tailoring,Nyeri,2.0,on_time,54.9
PEZ11004,6192.44,2024-07-15,pharmacy,Nakuru,0.9,on_time,80.1
PEZ11005,8830.42,2020-08-31,hardware_store,Garissa,,on_time,76.0
PEZ11006,6045.35,2023-02-14,agro_dealer,Kitale,4.8,defaulted,31.1
PEZ11007,15058.36,2020-08-12,tailoring,Kisumu,4.7,on_time,10.3
PEZ11008,14734.27,2024-10-15,mobile_money_agent,Kitale,3.9,on_time,8.1
PEZ11009,33098.06,2023-10-17,salon_barber,Garissa,9.7,on_time,12.1
PEZ11010,9367.01,2021-12-15,electronics_repair,Eldoret,2.4,on_time,
PEZ11011,16904.6,2022-01-01,mobile_money_agent,Nairobi,2.9,on_time,79.6
PEZ11012,1396.81,2020-06-22,agro_dealer,Thika,5.9,on_time,64.1
PEZ11013,48984.1,2023-09-09,food_vendor,Eldoret,1.0,defaulted,49.9
PEZ11014,9051.84,2020-02-15,,Nyeri,7.8,on_time,72.0
PEZ11015,4154.15,2023-11-15,electronics_repair,Malindi,5.8,on_time,19.7
PEZ11016,2019.03,2021-09-05,transport,Thika,5.4,late,33.4
PEZ11017,12854.19,2024-10-07,electronics_repair,Malindi,1.3,late,59.2
PEZ11018,9124.14,2021-04-07,hardware_store,Nakuru,2.5,on_time,
PEZ11019,4865.28,2023-03-06,mobile_money_agent,Mombasa,3.8,on_time,89.1
PEZ11020,15505.4,2022-10-30,hardware_store,Kitale,2.3,on_time,43.8
PEZ11021,23266.69,2022-11-21,tailoring,Malindi,3.6,late,83.1
PEZ11022,500.0,2023-03-27,pharmacy,Garissa,2.7,on_time,
PEZ11023,60966.35,2023-07-30,pharmacy,Nakuru,5.4,late,62.1
PEZ11024,8892.2,2020-05-02,hardware_store,Nyeri,5.0,on_time,62.8
PEZ11025,8159.71,2021-09-06,hardware_store,Nakuru,1.0,on_time,65.3
PEZ11026,62078.57,2022-04-24,agro_dealer,Malindi,1.1,late,21.7
PEZ11027,1771.77,2020-08-20,tailoring,Eldoret,1.7,on_time,21.5
PEZ11028,13383.68,2022-06-12,salon_barber,Nakuru,,on_time,62.0
PEZ11029,1913.03,2021-07-22,,Nairobi,1.8,on_time,63.4
PEZ11030,5852.95,2020-04-23,hardware_store,Kisumu,0.7,on_time,
PEZ11031,9738.08,2022-01-14,food_vendor,Thika,4.3,on_time,33.7
PEZ11032,2840.54,2024-02-13,food_vendor,Malindi,3.0,late,39.8
PEZ11033,7443.83,2021-05-30,hardware_store,Mombasa,2.1,on_time,34.4
PEZ11034,2321.4,2023-04-11,pharmacy,Mombasa,2.4,on_time,54.3
PEZ11035,11515.01,2021-07-16,agro_dealer,Nakuru,6.5,late,55.4
PEZ11036,18513.06,2020-08-19,pharmacy,Malindi,1.4,on_time,26.0
PEZ11037,5887.05,2020-10-23,electronics_repair,Garissa,2.3,on_time,61.5
PEZ11038,5446.94,2023-05-25,,Kitale,5.7,on_time,92.1
PEZ11039,1507.6,2021-09-25,retail_shop,Nairobi,4.4,on_time,90.6
PEZ11040,19403.0,2022-03-15,electronics_repair,Mombasa,1.3,defaulted,49.6
PEZ11041,1657.34,2024-12-28,tailoring,Eldoret,0.8,late,54.9
PEZ11042,16739.33,2020-03-10,salon_barber,Kitale,2.1,on_time,65.3
PEZ11043,29261.88,2024-09-18,tailoring,Mombasa,3.2,on_time,94.8
PEZ11044,6981.73,2022-11-02,electronics_repair,Malindi,1.1,on_time,25.4
PEZ11045,3873.99,2023-11-24,food_vendor,Thika,0.9,on_time,70.1
PEZ11046,2486.7,2020-01-07,retail_shop,Nairobi,1.9,on_time,24.8
PEZ11047,9320.71,2022-11-23,agro_dealer,Nakuru,3.3,late,45.3
PEZ11048,6889.25,2024-02-14,salon_barber,Nyeri,9.3,on_time,46.3
PEZ11049,14028.35,2020-06-21,salon_barber,Eldoret,2.3,on_time,89.9
PEZ11050,1334.99,2021-04-04,agro_dealer,Thika,3.3,on_time,42.1
PEZ11051,9355.13,2022-08-05,retail_shop,Nairobi,0.6,on_time,57.6
PEZ11052,4326.69,2021-06-16,transport,Eldoret,6.3,on_time,38.8
PEZ11053,5597.58,2022-12-12,salon_barber,Mombasa,0.6,defaulted,84.4
PEZ11054,8970.99,2024-10-31,agro_dealer,Kitale,3.8,late,93.4
PEZ11055,16581.55,2021-03-17,tailoring,Eldoret,0.6,late,63.6
PEZ11056,2331.48,2021-06-20,tailoring,Nakuru,4.8,late,41.1
PEZ11057,7663.82,2020-06-24,transport,Nyeri,2.6,on_time,57.2
PEZ11058,837.57,2023-12-31,retail_shop,Kitale,4.3,on_time,24.2
PEZ11059,4854.6,2021-11-12,agro_dealer,Malindi,3.6,late,81.9
PEZ11060,1206.0,2023-05-10,transport,Kitale,0.6,on_time,77.6
PEZ11061,58360.63,2022-01-29,retail_shop,Nairobi,1.9,on_time,69.4
PEZ11062,4560.57,2021-11-25,salon_barber,Garissa,,on_time,4.0
PEZ11063,11662.2,2021-10-03,pharmacy,Kisumu,4.5,late,69.8
PEZ11064,18942.11,2022-05-30,retail_shop,Kisumu,9.1,late,6.3
PEZ11065,3445.39,2020-12-03,tailoring,Eldoret,2.8,late,9.7
PEZ11066,6824.78,2024-06-22,electronics_repair,Kitale,2.7,on_time,81.2
PEZ11067,9590.36,2020-11-30,pharmacy,Nairobi,0.6,on_time,81.8
PEZ11068,7572.53,2023-12-23,pharmacy,Malindi,13.1,on_time,44.6
PEZ11069,11255.02,2021-12-16,hardware_store,Kitale,1.9,late,88.3
PEZ11070,8545.95,2021-07-12,food_vendor,Nakuru,3.9,on_time,29.5
PEZ11071,3488.04,2021-01-04,,Nyeri,2.0,on_time,35.4
PEZ11072,52117.57,2021-08-05,agro_dealer,Mombasa,13.6,late,67.5
PEZ11073,10840.09,2020-02-29,food_vendor,Malindi,0.6,on_time,72.8
PEZ11074,15876.98,2023-05-01,food_vendor,Kitale,1.0,on_time,44.0
PEZ11075,2682.15,2024-02-07,retail_shop,Thika,2.1,on_time,65.8
PEZ11076,7636.03,2020-04-23,mobile_money_agent,Kisumu,1.1,late,
PEZ11077,15178.14,2024-04-27,food_vendor,Garissa,2.9,late,84.0
PEZ11078,23917.22,2023-08-18,agro_dealer,Mombasa,,on_time,90.3
PEZ11079,6775.15,2023-11-03,salon_barber,Mombasa,3.8,on_time,53.4
PEZ11080,11326.43,2022-07-01,mobile_money_agent,Kisumu,0.6,late,42.8
PEZ11081,27661.59,2022-01-24,agro_dealer,Kitale,0.7,on_time,62.4
PEZ11082,1553.69,2022-08-07,mobile_money_agent,Kisumu,2.9,on_time,85.1
PEZ11083,5002.33,2022-08-16,transport,Kisumu,3.3,late,72.4
PEZ11084,24359.18,2021-09-07,agro_dealer,Mombasa,2.5,late,66.6
PEZ11085,4753.18,2022-11-17,transport,Garissa,3.7,on_time,26.6
PEZ11086,1107.86,2021-06-02,food_vendor,Garissa,6.6,on_time,3.4
PEZ11087,8964.55,2022-08-05,,Eldoret,0.9,on_time,37.8
PEZ11088,2863.6,2021-10-04,salon_barber,Kisumu,5.4,on_time,
PEZ11089,9538.26,2024-11-19,mobile_money_agent,Kitale,6.4,on_time,33.6
PEZ11090,1611.58,2020-08-05,salon_barber,Nakuru,9.3,on_time,16.1
PEZ11091,17090.0,2022-07-31,,Garissa,,on_time,72.7
PEZ11092,10703.84,2023-11-15,agro_dealer,Nyeri,0.7,on_time,9.5
PEZ11093,5710.99,2023-11-26,agro_dealer,Eldoret,1.8,on_time,44.0
PEZ11094,8108.93,2023-07-06,transport,Nairobi,0.9,on_time,27.0
PEZ11095,9268.05,2020-08-26,hardware_store,Nakuru,5.2,on_time,68.1
PEZ11096,4780.57,2022-07-09,salon_barber,Kisumu,14.1,defaulted,25.9
PEZ11097,2121.64,2020-01-17,mobile_money_agent,Nakuru,9.2,late,87.9
PEZ11098,17947.15,2023-02-09,food_vendor,Malindi,2.6,on_time,35.3
PEZ11099,7268.55,2023-10-21,tailoring,Nairobi,0.9,on_time,24.1
PEZ11100,2436.73,2020-05-10,pharmacy,Nakuru,2.8,late,37.1
PEZ11101,8904.21,2022-07-07,tailoring,Malindi,8.0,on_time,47.0
PEZ11102,46451.02,2022-11-05,agro_dealer,Nairobi,3.9,on_time,25.7
PEZ11103,20717.28,2023-09-07,transport,Nyeri,1.1,on_time,45.8
PEZ11104,15369.95,2023-10-10,pharmacy,Kisumu,1.1,on_time,28.7
PEZ11105,1928.78,2024-03-14,electronics_repair,Kitale,1.1,late,9.6
PEZ11106,6709.56,2022-05-01,food_vendor,Kitale,2.3,late,22.5
PEZ11107,20031.6,2021-06-18,pharmacy,Eldoret,1.0,on_time,24.6
PEZ11108,7253.28,2021-11-22,electronics_repair,Kisumu,4.7,on_time,31.5
PEZ11109,5352.39,2021-11-27,agro_dealer,Mombasa,3.4,late,45.0
PEZ11110,4376.67,2024-11-24,electronics_repair,Nairobi,2.2,on_time,45.1
PEZ11111,16786.75,2022-07-25,hardware_store,Nyeri,3.2,on_time,20.7
PEZ11112,29608.81,2023-02-25,food_vendor,Mombasa,4.3,late,18.2
PEZ11113,2114.41,2020-11-17,retail_shop,Garissa,2.6,on_time,45.2
PEZ11114,47384.49,2022-01-14,tailoring,Kitale,6.6,late,80.1
PEZ11115,14816.22,2020-01-14,electronics_repair,Kisumu,3.1,on_time,55.4
PEZ11116,5759.99,2024-03-25,transport,Kitale,0.8,on_time,49.0
PEZ11117,46025.14,2024-05-31,agro_dealer,Thika,3.2,on_time,75.3
PEZ11118,8561.6,2024-10-11,transport,Kisumu,1.8,on_time,41.7
PEZ11119,4199.78,2022-11-25,hardware_store,Thika,4.8,on_time,69.6
PEZ11120,12069.63,2022-03-16,food_vendor,Mombasa,0.7,on_time,34.2
PEZ11121,7170.11,2023-09-14,retail_shop,Kisumu,1.0,on_time,42.2
PEZ11122,9702.18,2024-01-17,hardware_store,Eldoret,2.7,on_time,58.2
PEZ11123,1246.42,2023-12-05,electronics_repair,Thika,,on_time,41.4
PEZ11124,3782.44,2022-06-24,agro_dealer,Kitale,1.1,on_time,18.4
PEZ11125,19598.98,2022-03-09,electronics_repair,Malindi,2.2,on_time,73.6
PEZ11126,20957.61,2022-12-03,salon_barber,Garissa,7.2,on_time,81.6
PEZ11127,6292.31,2024-08-31,electronics_repair,Kisumu,,late,82.8
PEZ11128,8337.04,2023-07-08,tailoring,Malindi,2.6,on_time,18.5
PEZ11129,30565.14,2023-03-18,hardware_store,Thika,2.7,on_time,53.3
PEZ11130,19247.89,2024-01-03,retail_shop,Kitale,1.2,on_time,62.0
PEZ11131,3954.49,2023-03-19,hardware_store,Nyeri,8.8,on_time,52.9
PEZ11132,15387.01,2024-08-12,salon_barber,Malindi,0.8,on_time,52.0
PEZ11133,1165.14,2020-05-07,electronics_repair,Kitale,1.3,defaulted,24.2
PEZ11134,44851.27,2023-04-19,agro_dealer,Kisumu,1.9,on_time,71.4
PEZ11135,2115.14,2022-06-20,hardware_store,Garissa,9.2,on_time,92.8
PEZ11136,3168.6,2020-09-21,pharmacy,Malindi,6.8,on_time,15.6
PEZ11137,30201.05,2023-02-18,hardware_store,Garissa,1.9,on_time,36.0
PEZ11138,7971.94,2020-03-23,electronics_repair,Mombasa,3.4,on_time,69.5
PEZ11139,1344.81,2020-02-27,hardware_store,Kisumu,1.6,late,55.0
PEZ11140,2289.83,2021-08-03,salon_barber,Kisumu,1.3,late,9.3
PEZ11141,21459.12,2024-11-17,transport,Kisumu,0.5,late,20.1
PEZ11142,70244.64,2022-02-11,retail_shop,Malindi,3.7,on_time,89.6
PEZ11143,14195.11,2023-09-28,pharmacy,Nyeri,7.1,on_time,17.5
PEZ11144,5099.7,2022-04-18,pharmacy,Kisumu,1.6,on_time,32.4
PEZ11145,3925.43,2022-06-26,agro_dealer,Nakuru,6.2,on_time,15.7
PEZ11146,29273.47,2023-12-19,tailoring,Mombasa,5.4,on_time,40.3
PEZ11147,17883.87,2023-01-14,tailoring,Garissa,6.9,on_time,97.2
PEZ11148,2795.47,2020-02-08,mobile_money_agent,Nairobi,0.9,on_time,10.4
PEZ11149,12005.43,2023-12-16,food_vendor,Garissa,1.1,late,
PEZ11150,3497.98,2022-10-03,mobile_money_agent,Kitale,4.9,on_time,69.2
PEZ11151,17308.35,2021-06-10,retail_shop,Thika,2.6,late,6.7
PEZ11152,3015.76,2024-04-22,food_vendor,Mombasa,1.0,late,48.6
PEZ11153,62007.41,2021-10-28,food_vendor,Kisumu,8.6,on_time,65.9
PEZ11154,5506.56,2021-10-25,salon_barber,Nairobi,5.8,late,71.8
PEZ11155,2865.12,2023-05-07,tailoring,Malindi,3.2,late,57.8
PEZ11156,19944.48,2020-05-04,mobile_money_agent,Nakuru,7.6,late,43.5
PEZ11157,15829.37,2024-12-19,,Kitale,1.2,on_time,80.1
PEZ11158,21757.96,2023-08-27,retail_shop,Eldoret,2.3,on_time,53.6
PEZ11159,19553.61,2024-05-22,salon_barber,Eldoret,1.5,on_time,41.7
PEZ11160,10781.16,2023-02-10,salon_barber,Thika,0.8,on_time,60.9
PEZ11161,64458.62,2020-12-08,pharmacy,Nairobi,,late,81.1
PEZ11162,38014.89,2022-02-17,retail_shop,Nairobi,1.3,on_time,36.3
PEZ11163,1946.69,2023-02-27,electronics_repair,Nakuru,2.3,on_time,33.7
PEZ11164,1724.3,2021-07-26,food_vendor,Eldoret,2.1,on_time,37.8
PEZ11165,6124.64,2021-12-02,agro_dealer,Nakuru,1.8,on_time,15.2
PEZ11166,49394.3,2023-05-12,tailoring,Kitale,6.3,late,48.7
PEZ11167,7219.78,2020-01-09,electronics_repair,Nairobi,4.2,on_time,55.6
PEZ11168,5751.95,2023-01-07,retail_shop,Kisumu,2.9,on_time,17.3
PEZ11169,20090.44,2020-09-09,food_vendor,Mombasa,2.3,on_time,4.8
PEZ11170,26438.97,2023-11-28,electronics_repair,Malindi,1.4,on_time,90.5
PEZ11171,12036.94,2020-02-10,retail_shop,Mombasa,1.6,late,52.0
PEZ11172,6270.41,2021-03-28,tailoring,Thika,4.4,on_time,80.8
PEZ11173,12564.97,2023-05-26,transport,Kitale,3.1,on_time,
PEZ11174,3070.56,2023-03-11,transport,Nairobi,4.6,on_time,26.5
PEZ11175,4794.32,2023-05-19,hardware_store,Kitale,1.5,on_time,84.2
PEZ11176,16943.27,2023-03-13,mobile_money_agent,Kisumu,1.5,late,27.0
PEZ11177,2885.69,2023-11-20,transport,Garissa,3.3,defaulted,17.1
PEZ11178,21291.02,2023-08-05,hardware_store,Nyeri,2.0,on_time,41.3
PEZ11179,14018.4,2022-08-13,retail_shop,Thika,1.9,on_time,74.8
PEZ11180,6528.26,2022-05-10,pharmacy,Thika,2.8,defaulted,
PEZ11181,6975.08,2024-07-12,hardware_store,Kitale,2.5,on_time,37.6
PEZ11182,21091.45,2020-12-02,retail_shop,Nakuru,2.2,late,68.8
PEZ11183,4467.47,2020-02-19,,Eldoret,1.5,on_time,27.3
PEZ11184,4818.53,2024-08-31,mobile_money_agent,Thika,2.7,on_time,71.0
PEZ11185,1507.37,2022-06-17,retail_shop,Thika,1.6,on_time,16.7
PEZ11186,4609.55,2021-10-03,food_vendor,Kitale,1.1,defaulted,64.1
PEZ11187,5749.9,2022-06-03,food_vendor,Kisumu,0.7,on_time,49.1
PEZ11188,2602.56,2020-07-15,food_vendor,Mombasa,0.5,late,4.8
PEZ11189,17212.73,2022-02-25,mobile_money_agent,Malindi,4.5,defaulted,33.1
PEZ11190,33098.33,2024-05-22,pharmacy,Malindi,1.8,on_time,74.5
PEZ11191,12472.73,2023-12-31,retail_shop,Kitale,3.2,defaulted,20.8
PEZ11192,1415.78,2021-06-08,food_vendor,Nyeri,3.5,on_time,73.5
PEZ11193,9658.29,2020-03-31,electronics_repair,Malindi,3.8,late,20.1
PEZ11194,8512.79,2021-09-29,retail_shop,Kisumu,8.1,on_time,8.9
PEZ11195,4039.92,2022-01-25,mobile_money_agent,Garissa,5.2,on_time,43.7
PEZ11196,14617.94,2024-09-06,retail_shop,Garissa,5.6,on_time,92.0
PEZ11197,1971.37,2024-05-27,hardware_store,Nairobi,4.6,on_time,97.0
PEZ11198,13375.38,2023-11-19,food_vendor,Thika,1.7,on_time,91.8
PEZ11199,4184.35,2020-08-02,electronics_repair,Nyeri,4.0,on_time,39.9
PEZ11200,19505.54,2022-08-13,pharmacy,Nairobi,3.4,on_time,44.3
PEZ11201,4954.85,2024-02-24,mobile_money_agent,Nakuru,1.2,on_time,38.4
PEZ11202,38812.95,2022-01-02,,Nakuru,2.1,defaulted,91.3
PEZ11203,3041.67,2024-04-16,retail_shop,Garissa,6.6,on_time,53.3
PEZ11204,9150.64,2021-06-20,electronics_repair,Nairobi,2.2,late,64.1
PEZ11205,33469.92,2021-06-20,salon_barber,Thika,6.5,late,78.0
PEZ11206,2219.47,2021-11-24,food_vendor,Nairobi,2.4,on_time,67.2
PEZ11207,14655.27,2022-12-15,transport,Eldoret,2.4,late,41.3
PEZ11208,2035.64,2024-06-15,mobile_money_agent,Malindi,2.4,on_time,59.3
PEZ11209,8474.98,2023-07-26,transport,Nakuru,1.6,on_time,67.2
PEZ11210,5951.05,2020-10-31,transport,Nairobi,5.5,late,53.0
PEZ11211,2339.64,2023-04-11,electronics_repair,Nakuru,5.2,on_time,96.2
PEZ11212,13652.68,2020-12-08,pharmacy,Nakuru,3.1,on_time,32.5
PEZ11213,21354.99,2022-08-08,hardware_store,Malindi,1.1,on_time,30.3
PEZ11214,16107.93,2022-08-28,salon_barber,Thika,0.8,on_time,8.5
PEZ11215,9285.18,2021-03-25,tailoring,Nyeri,3.2,late,70.9
PEZ11216,1599.64,2023-03-16,transport,Kitale,2.8,on_time,61.2
PEZ11217,36853.82,2022-11-28,salon_barber,Thika,2.3,late,29.3
PEZ11218,3839.4,2022-08-15,electronics_repair,Nakuru,1.0,on_time,73.5
PEZ11219,6148.66,2022-06-23,agro_dealer,Malindi,0.9,defaulted,42.1
PEZ11220,1643.25,2022-11-16,transport,Eldoret,3.2,on_time,49.5
PEZ11221,2339.8,2020-03-19,hardware_store,Mombasa,3.6,defaulted,25.4
PEZ11222,23976.46,2024-04-22,hardware_store,Nakuru,4.0,on_time,32.4
PEZ11223,12918.89,2024-02-24,tailoring,Nakuru,4.1,on_time,63.0
PEZ11224,13156.76,2022-04-07,hardware_store,Eldoret,,on_time,53.2
PEZ11225,5181.15,2020-11-01,agro_dealer,Nyeri,16.8,on_time,
PEZ11226,10371.42,2024-05-28,agro_dealer,Nakuru,1.1,on_time,20.4
PEZ11227,6196.26,2021-01-19,hardware_store,Kitale,3.7,on_time,54.4
PEZ11228,4964.95,2023-03-28,agro_dealer,Malindi,2.7,on_time,44.6
PEZ11229,2665.7,2021-11-26,salon_barber,Eldoret,2.4,on_time,
PEZ11230,9692.56,2021-09-05,transport,Malindi,11.3,on_time,19.7
PEZ11231,7475.39,2021-11-07,electronics_repair,Nyeri,,late,55.6
PEZ11232,6276.39,2022-03-11,mobile_money_agent,Nyeri,6.1,on_time,83.6
PEZ11233,16819.33,2023-08-01,food_vendor,Garissa,2.8,on_time,57.1
PEZ11234,34879.51,2023-05-20,tailoring,Mombasa,0.6,on_time,50.6
PEZ11235,22790.75,2021-04-22,pharmacy,Nairobi,0.9,late,32.1
PEZ11236,8634.66,2024-10-26,tailoring,Garissa,3.7,late,37.6
PEZ11237,5064.53,2020-05-20,agro_dealer,Malindi,2.0,on_time,68.8
PEZ11238,11848.42,2022-08-30,agro_dealer,Nakuru,3.2,on_time,61.3
PEZ11239,7192.37,2022-07-28,salon_barber,Nyeri,3.7,on_time,32.2
PEZ11240,3654.17,2024-07-11,tailoring,Nakuru,,on_time,89.3
PEZ11241,7391.64,2020-03-21,transport,Garissa,6.4,on_time,63.8
PEZ11242,1797.07,2024-06-10,food_vendor,Eldoret,4.9,on_time,50.4
PEZ11243,8084.42,2023-06-19,tailoring,Malindi,6.7,late,27.4
PEZ11244,96111.68,2023-12-01,agro_dealer,Kitale,7.6,defaulted,24.8
PEZ11245,6857.94,2023-09-27,retail_shop,Nakuru,2.7,on_time,11.9
PEZ11246,2206.8,2022-01-25,food_vendor,Nakuru,2.1,late,16.6
PEZ11247,8189.73,2021-02-28,food_vendor,Mombasa,2.1,late,52.5
PEZ11248,16551.57,2022-02-19,hardware_store,Nairobi,6.2,on_time,55.8
PEZ11249,1601.97,2020-10-06,,Malindi,1.5,late,48.8
PEZ11250,3269.48,2022-06-15,electronics_repair,Kitale,5.5,late,12.2
PEZ11251,1018.51,2020-07-24,salon_barber,Kitale,5.8,defaulted,23.2
PEZ11252,4511.47,2020-01-23,salon_barber,Eldoret,0.8,on_time,21.5
PEZ11253,5068.86,2022-12-26,tailoring,Kisumu,1.3,on_time,6.3
PEZ11254,7418.62,2024-01-07,transport,Kitale,6.9,on_time,51.4
PEZ11255,8044.37,2022-02-11,food_vendor,Malindi,2.9,late,68.2
PEZ11256,5307.84,2020-01-30,transport,Nakuru,1.2,on_time,43.2
PEZ11257,1448.55,2024-09-06,electronics_repair,Nakuru,2.8,late,32.3
PEZ11258,2205.58,2023-07-07,salon_barber,Kisumu,,late,69.1
PEZ11259,3666.78,2021-03-13,transport,Nyeri,1.4,late,56.4
PEZ11260,44060.79,2021-03-11,food_vendor,Thika,3.1,defaulted,
PEZ11261,15081.96,2020-05-17,pharmacy,Nakuru,2.6,on_time,36.1
PEZ11262,16362.14,2023-01-03,transport,Malindi,3.8,late,69.0
PEZ11263,16498.84,2022-03-06,mobile_money_agent,Kisumu,2.6,on_time,71.9
PEZ11264,3523.92,2023-09-26,salon_barber,Thika,6.5,on_time,17.1
PEZ11265,43995.16,2023-08-04,pharmacy,Mombasa,4.6,on_time,57.7
PEZ11266,4133.23,2020-09-11,transport,Garissa,2.1,on_time,72.9
PEZ11267,5369.6,2022-02-06,tailoring,Nakuru,1.0,late,71.2
PEZ11268,8048.55,2024-01-25,pharmacy,Eldoret,1.7,late,67.2
PEZ11269,4778.04,2024-04-06,mobile_money_agent,Kitale,2.7,on_time,49.6
PEZ11270,7206.66,2021-04-14,retail_shop,Garissa,1.4,on_time,26.2
PEZ11271,5267.71,2021-05-23,electronics_repair,Thika,11.4,on_time,75.8
PEZ11272,500.0,2020-05-12,transport,Nyeri,3.7,on_time,72.7
PEZ11273,4933.1,2020-09-14,pharmacy,Mombasa,0.8,on_time,57.0
PEZ11274,8263.28,2020-06-09,food_vendor,Kisumu,2.1,late,88.9
PEZ11275,6081.51,2021-05-24,agro_dealer,Kitale,4.8,late,83.5
PEZ11276,5897.06,2022-09-12,tailoring,Eldoret,4.9,on_time,72.7
PEZ11277,22200.21,2024-02-14,food_vendor,Thika,6.1,on_time,88.8
PEZ11278,2139.62,2024-10-15,,Kisumu,1.8,on_time,6.5
PEZ11279,16170.2,2022-08-07,food_vendor,Eldoret,2.0,late,61.1
PEZ11280,9455.43,2024-01-04,tailoring,Kitale,0.6,late,37.0
PEZ11281,10199.11,2024-01-25,,Nakuru,3.1,on_time,31.5
PEZ11282,7861.62,2022-02-25,electronics_repair,Kitale,3.7,on_time,62.0
PEZ11283,9059.78,2020-09-11,pharmacy,Eldoret,2.5,defaulted,51.9
PEZ11284,44766.13,2024-03-19,agro_dealer,Nyeri,5.6,on_time,88.6
PEZ11285,2627.76,2022-02-28,electronics_repair,Garissa,3.6,late,65.8
PEZ11286,7621.82,2023-10-17,agro_dealer,Nakuru,1.2,on_time,
PEZ11287,6102.29,2023-05-18,retail_shop,Kisumu,5.5,late,52.7
PEZ11288,8074.73,2022-03-25,mobile_money_agent,Kisumu,,on_time,45.3
PEZ11289,8538.69,2021-06-01,mobile_money_agent,Mombasa,1.7,on_time,32.0
PEZ11290,30958.61,2022-04-22,tailoring,Garissa,4.7,late,28.9
PEZ11291,76414.01,2024-03-13,food_vendor,Mombasa,2.9,late,52.0
PEZ11292,105414.09,2020-07-17,transport,Malindi,5.8,on_time,
PEZ11293,7661.67,2022-02-06,food_vendor,Malindi,3.4,late,37.6
PEZ11294,40223.69,2024-07-25,salon_barber,Kisumu,1.3,on_time,37.1
PEZ11295,22107.91,2024-11-20,transport,Kisumu,0.8,late,31.0
PEZ11296,12786.2,2021-08-23,agro_dealer,Kitale,8.4,late,37.6
PEZ11297,1201.04,2022-09-20,,Malindi,1.3,late,11.5
PEZ11298,23322.62,2020-03-26,,Nairobi,1.7,on_time,57.4
PEZ11299,21677.75,2024-04-08,food_vendor,Nakuru,1.4,on_time,
PEZ11300,15771.33,2024-12-28,tailoring,Kitale,4.5,on_time,93.4
PEZ11301,26278.08,2020-04-27,electronics_repair,Thika,2.2,on_time,7.5
PEZ11302,8336.75,2024-09-06,electronics_repair,Thika,3.6,on_time,
PEZ11303,1242.99,2024-07-27,salon_barber,Nairobi,1.9,on_time,13.3
PEZ11304,9892.25,2023-09-14,transport,Thika,2.7,on_time,21.4
PEZ11305,1537.46,2022-01-07,transport,Nairobi,3.5,defaulted,43.0
PEZ11306,19518.9,2024-06-14,retail_shop,Thika,1.9,on_time,83.5
PEZ11307,1249.0,2024-10-21,food_vendor,Thika,2.5,on_time,90.1
PEZ11308,28208.69,2023-03-17,food_vendor,Malindi,4.2,on_time,33.7
PEZ11309,6014.14,2023-01-28,hardware_store,Nairobi,0.8,on_time,46.3
PEZ11310,8877.73,2021-05-13,pharmacy,Kisumu,0.6,on_time,11.0
PEZ11311,3962.98,2024-01-05,transport,Kisumu,5.6,on_time,37.4
PEZ11312,13729.29,2024-01-12,retail_shop,Kisumu,1.2,late,29.0
PEZ11313,5067.49,2023-07-21,tailoring,Kitale,2.6,on_time,18.6
PEZ11314,16342.73,2023-05-15,pharmacy,Mombasa,2.7,on_time,60.3
PEZ11315,3723.68,2023-08-08,food_vendor,Thika,4.3,on_time,62.1
PEZ11316,59208.48,2020-07-01,hardware_store,Malindi,0.9,late,86.8
PEZ11317,26541.4,2024-10-13,electronics_repair,Nyeri,2.5,on_time,24.9
PEZ11318,12266.48,2024-09-30,electronics_repair,Malindi,5.2,on_time,
PEZ11319,99458.45,2022-11-30,agro_dealer,Malindi,1.0,on_time,28.3
PEZ11320,65365.25,2020-10-23,mobile_money_agent,Nyeri,2.4,on_time,83.1
PEZ11321,13288.11,2023-09-24,tailoring,Nakuru,7.3,late,43.1
PEZ11322,58692.97,2024-10-02,retail_shop,Nyeri,4.2,late,27.5
PEZ11323,44361.84,2020-04-30,mobile_money_agent,Kitale,1.7,on_time,85.6
PEZ11324,1597.56,2023-12-05,electronics_repair,Kisumu,10.3,on_time,74.0
PEZ11325,8032.61,2024-10-03,retail_shop,Kisumu,2.9,on_time,34.2
PEZ11326,28623.04,2024-03-31,salon_barber,Nairobi,1.1,on_time,58.0
PEZ11327,10810.27,2023-12-06,agro_dealer,Malindi,1.9,on_time,55.6
PEZ11328,6713.64,2020-04-20,hardware_store,Malindi,1.4,on_time,48.3
PEZ11329,32131.99,2020-10-23,tailoring,Kitale,1.2,on_time,37.7
PEZ11330,21332.22,2024-10-19,transport,Nakuru,2.2,on_time,34.3
PEZ11331,12102.98,2022-05-24,mobile_money_agent,Mombasa,0.5,on_time,58.1
PEZ11332,66513.58,2022-11-21,salon_barber,Nairobi,4.5,defaulted,47.5
PEZ11333,3595.45,2020-08-31,electronics_repair,Nyeri,2.4,late,24.5
PEZ11334,5855.32,2022-02-07,transport,Malindi,5.2,on_time,61.2
PEZ11335,91692.22,2022-01-22,food_vendor,Kitale,1.7,on_time,34.0
PEZ11336,6808.04,2021-04-05,retail_shop,Mombasa,7.4,on_time,34.7
PEZ11337,5824.51,2024-06-14,retail_shop,Nyeri,0.9,on_time,50.4
PEZ11338,24095.66,2020-09-13,mobile_money_agent,Kisumu,0.6,late,69.7
PEZ11339,19204.04,2024-07-22,food_vendor,Thika,4.2,late,67.9
PEZ11340,22665.75,2022-11-28,retail_shop,Malindi,1.2,on_time,48.2
PEZ11341,4462.2,2023-09-10,mobile_money_agent,Garissa,1.7,on_time,26.9
PEZ11342,7770.73,2021-10-05,,Kisumu,2.3,on_time,76.5
PEZ11343,2652.17,2024-10-09,food_vendor,Nairobi,1.5,on_time,69.7
PEZ11344,5313.09,2022-05-16,retail_shop,Mombasa,3.8,on_time,83.9
PEZ11345,9656.5,2023-09-11,retail_shop,Nakuru,0.7,on_time,49.0
PEZ11346,8655.39,2021-12-22,hardware_store,Kitale,6.1,on_time,38.6
PEZ11347,8864.28,2020-03-16,mobile_money_agent,Garissa,2.9,defaulted,12.5
PEZ11348,43214.86,2021-03-18,transport,Kisumu,6.8,on_time,54.1
PEZ11349,13550.05,2021-06-17,mobile_money_agent,Thika,0.9,on_time,66.1
PEZ11350,34547.38,2023-11-23,agro_dealer,Kisumu,1.4,on_time,85.0
PEZ11351,19830.72,2023-08-15,salon_barber,Garissa,4.4,on_time,19.9
PEZ11352,5785.64,2024-08-09,transport,Thika,1.1,late,62.1
PEZ11353,2383.76,2020-06-07,,Thika,4.3,on_time,64.3
PEZ11354,11783.33,2020-07-01,tailoring,Mombasa,1.6,on_time,83.3
PEZ11355,5755.17,2020-07-19,electronics_repair,Thika,6.3,late,50.9
PEZ11356,10012.25,2024-01-31,agro_dealer,Nakuru,0.7,late,51.3
PEZ11357,3356.61,2024-11-07,tailoring,Nyeri,5.8,on_time,85.3
PEZ11358,18328.67,2024-03-19,tailoring,Garissa,2.8,on_time,49.5
PEZ11359,1458.09,2023-05-02,agro_dealer,Kisumu,2.1,on_time,19.2
PEZ11360,34009.94,2023-09-08,agro_dealer,Kitale,2.8,on_time,60.9
PEZ11361,1384.93,2022-01-28,salon_barber,Kisumu,0.5,on_time,23.8
PEZ11362,2371.44,2022-08-17,transport,Nyeri,1.0,on_time,27.6
PEZ11363,3014.72,2024-07-25,hardware_store,Eldoret,3.8,on_time,52.2
PEZ11364,73755.93,2024-09-27,transport,Eldoret,3.2,on_time,87.1
PEZ11365,20793.78,2020-06-22,food_vendor,Mombasa,2.0,on_time,81.7
PEZ11366,2915.7,2023-10-18,,Garissa,2.2,on_time,49.9
PEZ11367,13870.47,2023-11-30,hardware_store,Kisumu,1.6,on_time,44.0
PEZ11368,26411.72,2022-05-20,food_vendor,Malindi,,defaulted,61.7
PEZ11369,4067.55,2024-12-07,hardware_store,Thika,2.3,on_time,23.7
PEZ11370,2668.88,2024-04-13,hardware_store,Nyeri,,on_time,9.9
PEZ11371,8321.28,2020-04-14,hardware_store,Nakuru,4.5,on_time,72.1
PEZ11372,11482.4,2021-05-26,agro_dealer,Kitale,1.8,on_time,53.0
PEZ11373,18526.24,2023-07-16,hardware_store,Mombasa,8.0,defaulted,32.3
PEZ11374,830.84,2024-08-18,mobile_money_agent,Malindi,5.4,on_time,18.2
PEZ11375,14150.48,2022-07-31,retail_shop,Kitale,1.8,defaulted,79.1
PEZ11376,42308.77,2021-12-27,electronics_repair,Eldoret,1.2,late,
PEZ11377,9507.54,2022-04-21,retail_shop,Mombasa,1.9,on_time,33.1
PEZ11378,35579.58,2022-02-05,food_vendor,Kitale,,on_time,14.5
PEZ11379,14927.56,2022-06-17,tailoring,Thika,2.4,late,27.7
PEZ11380,7344.18,2023-12-23,,Kisumu,3.8,on_time,36.4
PEZ11381,61496.75,2020-03-05,transport,Mombasa,14.0,on_time,
PEZ11382,11751.3,2022-09-28,salon_barber,Nakuru,5.0,late,59.5
PEZ11383,7840.12,2024-12-10,hardware_store,Kitale,1.8,on_time,12.5
PEZ11384,30208.76,2020-08-08,agro_dealer,Garissa,9.8,late,20.6
PEZ11385,9980.44,2023-10-21,retail_shop,Kisumu,0.8,late,76.4
PEZ11386,1762.31,2022-09-22,electronics_repair,Malindi,2.8,late,23.7
PEZ11387,7042.49,2024-04-19,food_vendor,Malindi,2.6,late,25.0
PEZ11388,3309.17,2023-12-17,food_vendor,Eldoret,1.7,late,54.6
PEZ11389,8532.0,2020-10-31,food_vendor,Garissa,1.0,on_time,31.4
PEZ11390,4239.3,2022-05-23,transport,Mombasa,0.9,on_time,
PEZ11391,4399.0,2023-12-04,retail_shop,Nyeri,2.6,on_time,37.9
PEZ11392,14213.4,2021-09-15,transport,Nakuru,0.6,on_time,47.7
PEZ11393,12348.87,2020-04-07,food_vendor,Eldoret,1.2,late,47.4
PEZ11394,2128.59,2021-07-27,salon_barber,Nairobi,,late,68.3
PEZ11395,2738.38,2020-08-16,mobile_money_agent,Mombasa,2.0,late,18.0
PEZ11396,21131.75,2024-07-16,food_vendor,Nairobi,4.1,on_time,70.4
PEZ11397,1063.54,2022-02-25,electronics_repair,Nyeri,8.8,late,56.0
PEZ11398,15826.45,2024-12-15,food_vendor,Mombasa,0.9,on_time,32.3
PEZ11399,9034.3,2021-12-03,transport,Nakuru,3.2,on_time,56.3
PEZ11400,2580.8,2021-01-27,tailoring,Kitale,3.0,defaulted,12.9
PEZ11401,16513.9,2023-02-21,agro_dealer,Garissa,3.0,on_time,50.7
PEZ11402,37965.84,2022-05-08,electronics_repair,Thika,5.1,late,47.6
PEZ11403,8959.35,2021-08-16,hardware_store,Garissa,2.0,on_time,58.7
PEZ11404,29650.94,2022-10-10,retail_shop,Nyeri,0.6,on_time,7.9
PEZ11405,1767.44,2024-05-15,hardware_store,Garissa,1.5,on_time,58.0
PEZ11406,15193.14,2023-04-27,,Malindi,4.6,on_time,45.2
PEZ11407,1042.32,2021-03-27,retail_shop,Garissa,4.3,late,22.4
PEZ11408,15153.25,2020-03-21,tailoring,Eldoret,2.9,late,44.1
PEZ11409,20710.9,2021-05-24,salon_barber,Eldoret,2.5,on_time,18.8
PEZ11410,12310.27,2021-10-26,transport,Garissa,2.4,on_time,74.6
PEZ11411,6620.32,2020-04-27,food_vendor,Garissa,5.7,late,49.3
PEZ11412,19980.92,2023-01-05,retail_shop,Thika,5.1,on_time,50.6
PEZ11413,6664.55,2023-07-06,mobile_money_agent,Mombasa,1.6,late,16.0
PEZ11414,16378.47,2023-07-13,mobile_money_agent,Garissa,0.8,late,73.5
PEZ11415,14431.86,2022-09-08,agro_dealer,Kisumu,1.3,late,60.6
PEZ11416,31636.44,2022-10-01,food_vendor,Kitale,4.8,late,72.3
PEZ11417,30460.48,2023-05-29,salon_barber,Eldoret,,on_time,77.4
PEZ11418,8192.16,2022-04-04,transport,Mombasa,4.1,on_time,38.9
PEZ11419,8203.9,2022-02-25,,Garissa,0.6,defaulted,23.7
PEZ11420,5729.68,2021-05-23,retail_shop,Mombasa,2.7,defaulted,60.7
PEZ11421,18510.8,2024-06-09,,Eldoret,3.9,on_time,32.9
PEZ11422,17979.11,2022-09-10,food_vendor,Garissa,13.4,late,27.6
PEZ11423,1995.14,2023-01-18,mobile_money_agent,Kitale,2.4,late,54.7
PEZ11424,37760.44,2022-11-13,tailoring,Garissa,3.9,on_time,79.4
PEZ11425,3256.77,2021-12-24,agro_dealer,Kisumu,,late,39.7
PEZ11426,27126.57,2020-08-18,tailoring,Nakuru,6.4,on_time,31.1
PEZ11427,10083.05,2020-06-05,pharmacy,Kisumu,2.6,late,7.3
PEZ11428,17200.6,2023-05-23,mobile_money_agent,Thika,0.7,on_time,7.4
PEZ11429,3514.28,2023-09-28,salon_barber,Kisumu,5.4,on_time,62.0
PEZ11430,33536.17,2023-09-17,tailoring,Nyeri,1.4,on_time,83.0
PEZ11431,16665.89,2020-10-31,electronics_repair,Eldoret,2.9,defaulted,20.1
PEZ11432,3023.56,2024-07-26,salon_barber,Thika,5.4,on_time,38.2
PEZ11433,20649.73,2020-09-18,food_vendor,Mombasa,5.5,late,50.7
PEZ11434,5611.9,2023-05-17,salon_barber,Malindi,0.6,on_time,78.3
PEZ11435,2981.27,2022-10-15,electronics_repair,Kisumu,8.0,on_time,73.5
PEZ11436,4915.56,2024-01-04,hardware_store,Garissa,8.9,late,95.5
PEZ11437,6504.85,2021-04-26,agro_dealer,Garissa,3.3,on_time,28.1
PEZ11438,3033.62,2020-09-30,electronics_repair,Nairobi,0.5,on_time,44.9
PEZ11439,8842.53,2020-10-12,food_vendor,Nairobi,6.7,on_time,13.5
PEZ11440,39149.28,2021-05-11,tailoring,Kitale,2.2,on_time,29.2
PEZ11441,13075.95,2022-02-12,transport,Nakuru,1.0,on_time,82.3
PEZ11442,160544.97,2024-09-11,retail_shop,Malindi,3.0,defaulted,27.0
PEZ11443,7413.72,2023-03-11,mobile_money_agent,Kisumu,,defaulted,64.7
PEZ11444,29762.83,2021-09-05,agro_dealer,Kisumu,1.1,on_time,68.5
PEZ11445,6584.12,2020-08-15,pharmacy,Malindi,1.6,defaulted,7.8
PEZ11446,9505.83,2020-01-23,salon_barber,Nairobi,1.7,on_time,
PEZ11447,2982.0,2023-03-17,agro_dealer,Malindi,7.3,on_time,37.3
PEZ11448,16102.17,2022-12-04,hardware_store,Eldoret,3.3,on_time,21.9
PEZ11449,5601.97,2024-08-11,agro_dealer,Kisumu,7.0,on_time,52.6
PEZ11450,17458.64,2023-08-07,hardware_store,Nyeri,1.4,late,39.7
PEZ11451,13702.14,2020-08-10,agro_dealer,Malindi,0.5,late,42.5
PEZ11452,2133.56,2020-11-29,food_vendor,Mombasa,0.8,late,52.6
PEZ11453,7408.15,2023-02-03,hardware_store,Mombasa,0.5,late,44.9
PEZ11454,3450.67,2024-06-06,transport,Nairobi,2.7,defaulted,48.6
PEZ11455,8295.51,2024-03-19,pharmacy,Nairobi,,on_time,47.2
PEZ11456,25690.95,2020-09-22,tailoring,Malindi,7.2,on_time,66.7
PEZ11457,8603.4,2020-11-03,food_vendor,Thika,12.7,on_time,45.0
PEZ11458,8076.59,2020-11-26,retail_shop,Nyeri,2.9,defaulted,66.1
PEZ11459,5420.88,2021-03-17,salon_barber,Kitale,4.3,late,79.8
PEZ11460,1393.73,2022-12-07,salon_barber,Kisumu,6.1,on_time,13.5
PEZ11461,3909.91,2022-06-01,electronics_repair,Kitale,1.3,on_time,52.6
PEZ11462,3893.64,2023-03-07,retail_shop,Malindi,2.7,on_time,42.4
PEZ11463,3646.27,2024-06-21,pharmacy,Mombasa,4.2,on_time,31.1
PEZ11464,6035.55,2021-07-27,food_vendor,Kitale,4.7,late,45.8
PEZ11465,14920.79,2022-08-27,mobile_money_agent,Thika,0.7,on_time,28.7
PEZ11466,55704.32,2020-03-22,tailoring,Kitale,2.4,on_time,13.5
PEZ11467,15962.86,2022-01-21,electronics_repair,Eldoret,0.6,late,64.8
PEZ11468,6316.12,2021-06-22,hardware_store,Nyeri,2.7,on_time,46.4
PEZ11469,9877.02,2023-02-22,retail_shop,Nyeri,1.5,on_time,26.2
PEZ11470,6654.67,2020-05-29,retail_shop,Kisumu,3.4,on_time,57.3
PEZ11471,8448.56,2022-12-31,transport,Malindi,2.1,on_time,91.9
PEZ11472,2688.53,2024-04-22,pharmacy,Mombasa,1.3,on_time,9.4
PEZ11473,26856.85,2021-03-11,agro_dealer,Nakuru,3.9,on_time,9.5
PEZ11474,3116.18,2023-08-04,pharmacy,Mombasa,6.7,on_time,
PEZ11475,3949.38,2024-07-13,transport,Thika,0.6,defaulted,38.2
PEZ11476,3309.31,2024-04-02,electronics_repair,Malindi,1.3,defaulted,71.0
PEZ11477,10148.26,2020-06-16,agro_dealer,Eldoret,1.0,late,72.5
PEZ11478,9412.62,2024-08-27,tailoring,Kitale,1.7,late,36.4
PEZ11479,49528.45,2021-02-10,retail_shop,Mombasa,3.4,on_time,91.5
PEZ11480,1453.95,2022-06-13,electronics_repair,Malindi,5.2,on_time,55.6
PEZ11481,21463.81,2020-06-08,electronics_repair,Nyeri,6.4,on_time,
PEZ11482,1836.23,2024-08-17,mobile_money_agent,Nyeri,1.5,on_time,42.4
PEZ11483,23878.18,2020-08-20,electronics_repair,Nairobi,1.4,on_time,64.3
PEZ11484,27567.4,2020-09-14,agro_dealer,Eldoret,0.8,on_time,
PEZ11485,927.89,2023-01-23,pharmacy,Nyeri,5.7,on_time,61.3
PEZ11486,5591.17,2023-03-27,salon_barber,Nyeri,2.2,on_time,9.9
PEZ11487,6819.24,2024-11-12,retail_shop,Thika,1.8,on_time,
PEZ11488,2544.06,2023-01-15,food_vendor,Kitale,0.8,on_time,29.2
PEZ11489,5297.89,2022-02-03,agro_dealer,Garissa,1.6,on_time,19.7
PEZ11490,9648.25,2023-11-11,salon_barber,Garissa,6.1,on_time,51.4
PEZ11491,8957.89,2020-06-28,agro_dealer,Eldoret,1.4,late,53.7
PEZ11492,3043.25,2024-03-19,food_vendor,Mombasa,2.8,on_time,33.5
PEZ11493,11949.24,2021-08-16,mobile_money_agent,Garissa,2.9,late,73.8
PEZ11494,13517.37,2022-08-19,agro_dealer,Nakuru,3.1,late,77.9
PEZ11495,2673.61,2023-12-12,food_vendor,Thika,1.4,on_time,27.1
PEZ11496,500.0,2023-09-10,agro_dealer,Nairobi,4.2,late,64.0
PEZ11497,6271.94,2022-04-29,tailoring,Eldoret,2.7,late,87.3
PEZ11498,6317.96,2024-02-27,retail_shop,Nairobi,,on_time,82.6
PEZ11499,1597.5,2022-03-12,mobile_money_agent,Thika,6.9,late,75.9
PEZ11500,8046.23,2020-09-20,transport,Nyeri,7.5,on_time,68.6
PEZ11501,2943.32,2023-12-25,agro_dealer,Kisumu,1.1,late,70.3
PEZ11502,6250.07,2021-06-16,salon_barber,Garissa,6.4,on_time,70.1
PEZ11503,8405.32,2023-07-11,hardware_store,Kisumu,6.6,on_time,70.4
PEZ11504,7845.12,2022-02-22,mobile_money_agent,Kisumu,,defaulted,90.9
PEZ11505,12120.39,2023-08-29,retail_shop,Kisumu,1.0,late,55.4
PEZ11506,7010.57,2022-02-13,transport,Eldoret,5.1,on_time,35.1
PEZ11507,70773.93,2023-04-01,tailoring,Nairobi,4.1,on_time,63.6
PEZ11508,20230.03,2021-01-04,food_vendor,Mombasa,1.7,late,34.9
PEZ11509,19832.9,2022-10-02,food_vendor,Mombasa,0.8,on_time,40.3
PEZ11510,14552.79,2022-02-07,retail_shop,Malindi,1.9,on_time,47.8
PEZ11511,37666.79,2023-03-07,,Kitale,11.3,late,72.4
PEZ11512,16586.28,2023-05-13,mobile_money_agent,Nairobi,2.4,on_time,19.3
PEZ11513,109552.41,2020-03-01,hardware_store,Nairobi,2.7,late,73.3
PEZ11514,4045.79,2021-03-20,hardware_store,Nairobi,6.3,on_time,57.7
PEZ11515,22827.76,2021-07-14,retail_shop,Thika,1.5,late,63.1
PEZ11516,14575.51,2024-03-06,pharmacy,Nakuru,1.3,late,59.9
PEZ11517,1556.8,2023-11-08,pharmacy,Malindi,1.3,late,75.6
PEZ11518,4312.09,2021-02-25,tailoring,Malindi,0.6,late,45.4
PEZ11519,1195.92,2023-06-29,pharmacy,Malindi,2.3,on_time,74.7
PEZ11520,7212.67,2024-08-05,food_vendor,Nyeri,2.3,on_time,27.0
PEZ11521,1162.89,2021-08-24,food_vendor,Kitale,4.5,on_time,
PEZ11522,4485.9,2024-06-07,mobile_money_agent,Garissa,4.8,late,
PEZ11523,34489.55,2021-10-05,salon_barber,Thika,1.7,late,70.0
PEZ11524,7258.06,2024-06-16,food_vendor,Nairobi,4.9,on_time,
PEZ11525,36987.04,2020-07-29,electronics_repair,Nakuru,1.6,on_time,71.5
PEZ11526,18173.61,2023-03-21,hardware_store,Eldoret,2.6,on_time,67.3
PEZ11527,47177.63,2022-10-18,agro_dealer,Malindi,0.9,on_time,55.4
PEZ11528,6249.39,2022-02-23,retail_shop,Eldoret,6.1,on_time,57.7
PEZ11529,32895.92,2020-01-10,transport,Nyeri,,on_time,
PEZ11530,8926.11,2022-12-16,pharmacy,Eldoret,1.7,on_time,81.0
PEZ11531,12545.45,2024-01-21,retail_shop,Thika,5.0,on_time,9.0
PEZ11532,7198.72,2022-10-08,tailoring,Eldoret,3.3,on_time,92.4
PEZ11533,11775.48,2020-09-05,mobile_money_agent,Nairobi,3.7,on_time,32.9
PEZ11534,12240.24,2021-10-23,electronics_repair,Nyeri,6.6,late,71.1
PEZ11535,5097.89,2023-01-05,agro_dealer,Nakuru,2.0,on_time,63.1
PEZ11536,12720.85,2020-06-02,retail_shop,Nairobi,1.5,on_time,16.1
PEZ11537,1966.65,2020-10-09,tailoring,Thika,1.2,on_time,68.2
PEZ11538,18493.67,2024-10-07,mobile_money_agent,Kitale,10.1,on_time,13.2
PEZ11539,12623.19,2022-09-30,agro_dealer,Kitale,3.0,on_time,32.8
PEZ11540,807.83,2023-12-27,tailoring,Thika,5.8,on_time,34.4
PEZ11541,2154.0,2021-02-25,food_vendor,Thika,3.0,on_time,44.1
PEZ11542,4275.23,2024-08-03,,Mombasa,0.5,late,81.6
PEZ11543,11210.84,2022-11-18,agro_dealer,Nakuru,1.1,on_time,30.0
PEZ11544,5249.92,2020-09-23,electronics_repair,Eldoret,1.1,late,85.1
PEZ11545,3205.07,2022-03-30,transport,Thika,1.6,late,62.2
PEZ11546,47177.4,2023-08-20,transport,Mombasa,9.8,on_time,57.4
PEZ11547,6573.06,2022-08-01,food_vendor,Kisumu,1.9,defaulted,73.3
PEZ11548,9349.71,2023-02-01,salon_barber,Eldoret,,late,57.2
PEZ11549,2637.92,2020-04-18,food_vendor,Thika,1.5,on_time,19.1
PEZ11550,2217.24,2021-02-01,pharmacy,Eldoret,2.6,on_time,
PEZ11551,14750.61,2022-06-06,tailoring,Nakuru,3.5,on_time,38.7
PEZ11552,5082.55,2020-03-14,food_vendor,Nairobi,1.9,late,74.0
PEZ11553,7015.76,2023-12-03,mobile_money_agent,Eldoret,5.0,on_time,21.6
PEZ11554,65735.59,2022-10-11,agro_dealer,Malindi,0.5,on_time,49.2
PEZ11555,7331.1,2024-02-11,transport,Kisumu,1.0,on_time,20.5
PEZ11556,4300.76,2024-10-12,retail_shop,Mombasa,2.1,on_time,38.9
PEZ11557,4482.27,2020-10-17,transport,Kisumu,3.2,on_time,90.9
PEZ11558,15667.46,2020-12-15,retail_shop,Kitale,1.2,on_time,
PEZ11559,25566.24,2022-08-25,,Nyeri,10.1,on_time,64.4
PEZ11560,6784.34,2022-12-11,food_vendor,Nairobi,1.7,on_time,40.1
PEZ11561,6268.83,2021-11-18,hardware_store,Kisumu,2.1,on_time,80.6
PEZ11562,25318.01,2022-01-16,pharmacy,Kitale,1.9,on_time,18.0
PEZ11563,3119.96,2023-09-21,pharmacy,Nairobi,0.9,on_time,44.7
PEZ11564,3888.93,2022-04-20,mobile_money_agent,Kitale,2.2,defaulted,54.3
PEZ11565,8486.58,2022-06-01,transport,Kisumu,0.6,on_time,
PEZ11566,17834.4,2021-07-14,electronics_repair,Nakuru,10.7,on_time,12.5
PEZ11567,10582.72,2021-12-15,hardware_store,Kitale,6.3,on_time,69.3
PEZ11568,4131.28,2023-04-01,electronics_repair,Malindi,7.1,late,67.7
PEZ11569,10403.4,2024-06-11,hardware_store,Thika,3.4,on_time,23.3
PEZ11570,5949.17,2023-10-26,electronics_repair,Eldoret,3.3,late,
PEZ11571,28543.41,2021-08-13,salon_barber,Garissa,0.8,late,28.2
PEZ11572,1282.97,2020-04-18,food_vendor,Eldoret,,on_time,
PEZ11573,11399.72,2020-10-09,pharmacy,Eldoret,,defaulted,35.6
PEZ11574,4575.09,2020-06-25,electronics_repair,Eldoret,4.1,on_time,71.2
PEZ11575,5389.85,2021-03-24,tailoring,Kisumu,6.3,late,91.9
PEZ11576,12261.48,2022-03-28,retail_shop,Kitale,1.6,on_time,24.0
PEZ11577,14418.97,2024-11-28,food_vendor,Eldoret,3.3,on_time,59.9
PEZ11578,1500.03,2021-02-12,electronics_repair,Nyeri,6.4,on_time,82.7
PEZ11579,5086.26,2022-02-08,tailoring,Eldoret,0.6,on_time,56.0
PEZ11580,8511.71,2023-12-30,agro_dealer,Mombasa,3.1,on_time,33.3
PEZ11581,2265.13,2023-02-18,electronics_repair,Kitale,3.8,on_time,70.9
PEZ11582,6105.98,2023-04-03,retail_shop,Malindi,0.7,on_time,24.6
PEZ11583,18844.4,2024-03-26,hardware_store,Thika,4.1,on_time,74.7
PEZ11584,51023.25,2022-07-31,agro_dealer,Kisumu,2.5,on_time,
PEZ11585,18742.5,2020-07-18,retail_shop,Mombasa,1.1,on_time,45.5
PEZ11586,21372.08,2023-10-13,tailoring,Nyeri,8.8,on_time,21.0
PEZ11587,28961.0,2020-10-06,hardware_store,Nairobi,1.8,on_time,35.4
PEZ11588,2816.4,2022-09-20,transport,Kisumu,6.2,defaulted,68.8
PEZ11589,2841.79,2020-07-17,mobile_money_agent,Nakuru,3.0,late,
PEZ11590,9871.66,2020-09-06,transport,Nakuru,0.7,on_time,
PEZ11591,6904.7,2021-06-17,tailoring,Malindi,3.9,on_time,66.7
PEZ11592,28901.98,2021-01-13,mobile_money_agent,Kitale,9.7,on_time,82.2
PEZ11593,15494.69,2021-08-16,salon_barber,Nakuru,0.5,on_time,33.5
PEZ11594,13000.58,2023-11-29,tailoring,Mombasa,3.3,on_time,57.4
PEZ11595,1471.35,2023-03-01,,Kitale,4.2,on_time,82.0
PEZ11596,24079.09,2022-06-29,agro_dealer,Nairobi,0.6,on_time,
PEZ11597,18416.13,2020-11-20,retail_shop,Thika,8.8,late,8.5
PEZ11598,6420.22,2022-03-10,electronics_repair,Garissa,6.4,on_time,91.9
PEZ11599,18442.86,2022-07-30,hardware_store,Mombasa,0.6,on_time,97.0
PEZ11600,18251.37,2024-09-14,salon_barber,Eldoret,0.9,late,63.4
PEZ11601,9290.89,2022-11-04,pharmacy,Malindi,3.0,on_time,38.2
PEZ11602,13996.59,2023-06-18,hardware_store,Eldoret,0.6,on_time,87.7
PEZ11603,12964.54,2020-08-05,agro_dealer,Mombasa,,defaulted,57.4
PEZ11604,28317.93,2024-06-17,pharmacy,Kitale,4.5,on_time,57.6
PEZ11605,1375.1,2022-05-10,transport,Mombasa,1.2,on_time,43.5
PEZ11606,4765.7,2024-04-12,food_vendor,Nairobi,8.4,late,71.4
PEZ11607,13554.53,2022-07-09,electronics_repair,Nyeri,3.5,defaulted,
PEZ11608,15613.14,2022-06-15,agro_dealer,Kisumu,2.3,late,48.0
PEZ11609,15294.57,2021-01-28,tailoring,Nakuru,1.0,on_time,72.1
PEZ11610,1648.33,2020-10-14,food_vendor,Nyeri,,defaulted,17.4
PEZ11611,6971.11,2023-10-29,retail_shop,Thika,2.1,on_time,65.0
PEZ11612,3830.99,2021-12-31,hardware_store,Kitale,3.8,on_time,16.2
PEZ11613,1868.88,2024-11-24,mobile_money_agent,Garissa,2.8,on_time,69.7
PEZ11614,68575.28,2021-04-17,food_vendor,Nyeri,6.1,late,51.8
PEZ11615,2370.83,2024-08-23,retail_shop,Nyeri,11.8,late,
PEZ11616,5041.96,2020-06-02,tailoring,Malindi,3.6,on_time,72.8
PEZ11617,36660.28,2023-06-20,hardware_store,Nyeri,0.9,on_time,72.0
PEZ11618,8680.17,2021-06-22,retail_shop,Garissa,4.7,on_time,17.0
PEZ11619,5319.31,2020-10-12,retail_shop,Nairobi,0.6,on_time,34.5
PEZ11620,7352.5,2020-05-07,transport,Garissa,3.8,on_time,28.3
PEZ11621,32600.9,2024-04-16,transport,Kitale,4.8,on_time,33.4
PEZ11622,12990.99,2020-06-14,retail_shop,Thika,3.3,on_time,69.8
PEZ11623,7501.33,2022-11-05,hardware_store,Kitale,2.8,defaulted,30.9
PEZ11624,37872.19,2020-02-13,transport,Thika,2.2,on_time,54.5
PEZ11625,6071.69,2023-10-28,retail_shop,Nairobi,1.8,on_time,34.4
PEZ11626,6264.72,2023-12-07,retail_shop,Garissa,9.6,late,47.6
PEZ11627,11042.78,2022-01-23,agro_dealer,Garissa,1.5,on_time,89.5
PEZ11628,5115.87,2020-01-21,electronics_repair,Nakuru,1.2,late,74.7
PEZ11629,3665.91,2024-06-30,transport,Malindi,3.0,on_time,47.6
PEZ11630,1152.38,2020-03-30,retail_shop,Nakuru,1.3,late,77.6
PEZ11631,7914.44,2022-03-25,electronics_repair,Thika,3.2,late,91.7
PEZ11632,1958.47,2023-12-15,pharmacy,Mombasa,0.9,late,51.2
PEZ11633,500.0,2024-11-14,electronics_repair,Nakuru,2.9,on_time,72.5
PEZ11634,31349.14,2021-12-10,transport,Garissa,9.6,late,55.0
PEZ11635,4574.36,2022-12-02,agro_dealer,Nyeri,1.8,on_time,42.2
PEZ11636,13553.19,2020-10-17,transport,Eldoret,0.9,on_time,21.3
PEZ11637,5439.91,2022-10-18,retail_shop,Nakuru,1.6,late,60.2
PEZ11638,6000.24,2021-07-25,retail_shop,Eldoret,6.7,late,30.8
PEZ11639,9289.05,2021-02-25,mobile_money_agent,Malindi,2.0,late,63.5
PEZ11640,5328.98,2024-04-11,agro_dealer,Kisumu,3.2,defaulted,30.5
PEZ11641,16922.74,2021-06-21,electronics_repair,Nairobi,1.3,on_time,18.1
PEZ11642,5803.98,2022-05-25,mobile_money_agent,Nakuru,2.2,on_time,16.9
PEZ11643,2637.31,2022-12-31,retail_shop,Mombasa,1.3,on_time,73.3
PEZ11644,7905.3,2022-02-19,pharmacy,Malindi,2.5,late,68.4
PEZ11645,2657.73,2020-06-24,pharmacy,Nakuru,3.7,on_time,
PEZ11646,7138.07,2021-07-04,transport,Garissa,2.9,late,52.5
PEZ11647,3149.16,2024-10-01,tailoring,Nyeri,,on_time,18.6
PEZ11648,3387.0,2022-09-10,salon_barber,Kitale,2.1,on_time,48.6
PEZ11649,28892.39,2023-02-03,hardware_store,Nakuru,8.3,on_time,80.9
PEZ11650,7247.9,2022-10-10,electronics_repair,Mombasa,1.9,late,80.5
PEZ11651,4061.84,2020-08-22,salon_barber,Nakuru,12.2,late,73.2
PEZ11652,500.0,2024-01-09,retail_shop,Kisumu,2.9,late,79.6
PEZ11653,6188.77,2024-09-26,transport,Nairobi,7.3,defaulted,45.3
PEZ11654,3315.44,2022-06-27,electronics_repair,Garissa,2.0,late,54.7
PEZ11655,28301.18,2023-10-26,food_vendor,Garissa,7.6,on_time,33.9
PEZ11656,15809.3,2024-06-02,agro_dealer,Mombasa,0.6,late,45.7
PEZ11657,3200.35,2021-08-25,electronics_repair,Thika,0.7,on_time,83.2
PEZ11658,1002.7,2020-02-22,mobile_money_agent,Nairobi,5.8,on_time,
PEZ11659,16486.52,2024-05-23,food_vendor,Nyeri,1.0,on_time,31.5
PEZ11660,34703.84,2020-11-03,mobile_money_agent,Thika,1.5,on_time,45.1
PEZ11661,17046.77,2023-03-22,agro_dealer,Mombasa,0.7,on_time,30.5
PEZ11662,23537.54,2023-05-28,hardware_store,Malindi,2.9,on_time,61.9
PEZ11663,34725.95,2021-05-14,pharmacy,Garissa,1.9,on_time,83.0
PEZ11664,9128.81,2020-08-24,electronics_repair,Nakuru,4.2,late,43.4
PEZ11665,27235.05,2022-11-01,transport,Kitale,4.7,on_time,31.5
PEZ11666,106622.98,2023-03-12,food_vendor,Thika,11.2,on_time,65.4
PEZ11667,6452.72,2023-05-25,salon_barber,Garissa,4.2,on_time,49.8
PEZ11668,14737.57,2020-10-30,tailoring,Eldoret,2.3,on_time,41.6
PEZ11669,6151.81,2020-02-01,mobile_money_agent,Kitale,3.3,on_time,64.5
PEZ11670,6051.86,2020-07-25,salon_barber,Mombasa,1.4,on_time,47.0
PEZ11671,3479.24,2022-11-20,salon_barber,Nairobi,0.5,defaulted,
PEZ11672,3061.27,2023-12-29,hardware_store,Malindi,1.5,on_time,40.3
PEZ11673,19723.25,2020-08-08,tailoring,Mombasa,3.9,on_time,48.5
PEZ11674,59536.51,2022-07-10,retail_shop,Mombasa,3.8,on_time,76.0
PEZ11675,5871.22,2023-04-22,agro_dealer,Eldoret,1.7,on_time,69.3
PEZ11676,26902.65,2022-07-17,hardware_store,Mombasa,3.7,on_time,
PEZ11677,4163.87,2020-07-17,agro_dealer,Thika,1.8,on_time,67.9
PEZ11678,2656.8,2022-11-06,transport,Eldoret,0.6,on_time,
PEZ11679,10450.52,2024-07-25,agro_dealer,Eldoret,0.7,late,9.5
PEZ11680,1765.42,2021-08-06,transport,Malindi,7.0,late,35.3
PEZ11681,3168.48,2021-06-15,salon_barber,Mombasa,2.5,late,53.9
PEZ11682,7735.84,2024-09-13,mobile_money_agent,Mombasa,0.8,late,69.6
PEZ11683,13869.29,2024-06-24,hardware_store,Kisumu,,on_time,32.2
PEZ11684,15102.67,2023-03-15,transport,Nairobi,20.0,late,61.2
PEZ11685,19955.69,2023-12-17,agro_dealer,Kitale,1.8,late,52.4
PEZ11686,4018.33,2021-07-24,food_vendor,Kitale,1.7,late,53.0
PEZ11687,5081.96,2020-11-16,food_vendor,Thika,3.4,late,38.6
PEZ11688,2222.04,2023-12-18,hardware_store,Thika,2.6,on_time,36.6
PEZ11689,10365.95,2024-09-19,electronics_repair,Nairobi,3.0,on_time,67.6
PEZ11690,13084.44,2024-11-21,hardware_store,Nairobi,2.4,on_time,29.6
PEZ11691,10874.41,2021-08-01,transport,Nakuru,17.7,on_time,35.1
PEZ11692,2790.46,2021-03-14,salon_barber,Nakuru,4.0,on_time,28.4
PEZ11693,24913.8,2022-05-06,retail_shop,Malindi,1.6,late,64.7
PEZ11694,11040.03,2023-09-07,tailoring,Nyeri,3.0,on_time,28.9
PEZ11695,31190.15,2023-07-14,salon_barber,Eldoret,1.2,on_time,67.6
PEZ11696,8840.57,2024-12-09,agro_dealer,Nyeri,1.5,late,75.4
PEZ11697,2121.72,2022-08-09,tailoring,Malindi,6.4,late,37.5
PEZ11698,5305.27,2024-09-16,electronics_repair,Mombasa,5.5,on_time,75.9
PEZ11699,5309.97,2024-12-27,pharmacy,Nyeri,3.5,on_time,21.1
PEZ11700,2489.87,2024-07-14,agro_dealer,Nairobi,13.5,on_time,42.0
PEZ11701,27468.16,2021-11-26,pharmacy,Malindi,3.0,on_time,52.2
PEZ11702,7147.65,2024-05-15,retail_shop,Eldoret,6.6,on_time,5.5
PEZ11703,7557.18,2020-02-13,food_vendor,Nyeri,6.7,on_time,43.4
PEZ11704,4985.1,2020-05-09,agro_dealer,Mombasa,1.1,on_time,67.7
PEZ11705,3731.57,2022-03-21,retail_shop,Garissa,2.7,on_time,26.0
PEZ11706,3066.42,2024-02-10,transport,Eldoret,8.2,late,13.1
PEZ11707,4566.43,2022-03-25,transport,Nairobi,,defaulted,
PEZ11708,6645.7,2021-05-21,pharmacy,Nairobi,4.9,on_time,37.0
PEZ11709,10147.18,2024-08-02,retail_shop,Eldoret,1.1,on_time,36.8
PEZ11710,11857.97,2020-02-11,tailoring,Mombasa,12.6,on_time,24.1
PEZ11711,4551.49,2021-02-01,retail_shop,Garissa,0.9,on_time,55.3
PEZ11712,1552.86,2022-07-28,mobile_money_agent,Eldoret,7.7,late,54.2
PEZ11713,2870.65,2020-07-09,transport,Mombasa,3.4,late,10.9
PEZ11714,6043.03,2021-05-15,transport,Malindi,2.5,on_time,48.2
PEZ11715,3103.66,2024-01-03,agro_dealer,Nairobi,1.6,on_time,19.4
PEZ11716,11076.45,2022-01-27,food_vendor,Kitale,0.9,late,8.6
PEZ11717,4063.74,2020-06-20,pharmacy,Nyeri,0.9,on_time,34.9
PEZ11718,2237.29,2020-10-16,food_vendor,Garissa,5.0,late,6.2
PEZ11719,11590.34,2020-04-30,agro_dealer,Nyeri,8.1,on_time,51.9
PEZ11720,3707.77,2023-11-12,pharmacy,Eldoret,0.8,defaulted,57.6
PEZ11721,4572.03,2024-06-15,mobile_money_agent,Nyeri,1.0,on_time,
PEZ11722,4883.74,2022-09-16,pharmacy,Garissa,0.8,on_time,31.9
PEZ11723,13582.77,2023-12-03,hardware_store,Garissa,1.5,late,51.8
PEZ11724,5092.52,2021-02-08,food_vendor,Malindi,3.9,late,
PEZ11725,7123.08,2022-09-24,pharmacy,Mombasa,,on_time,47.1
PEZ11726,2794.85,2024-01-14,salon_barber,Garissa,1.4,on_time,
PEZ11727,18816.95,2021-08-17,tailoring,Garissa,6.4,late,58.2
PEZ11728,1659.78,2022-08-24,hardware_store,Nakuru,1.0,on_time,53.1
PEZ11729,6860.63,2020-10-04,pharmacy,Nakuru,1.1,on_time,54.3
PEZ11730,7160.13,2022-08-21,salon_barber,Garissa,3.7,late,51.6
PEZ11731,5806.22,2021-11-08,food_vendor,Nairobi,6.6,on_time,49.8
PEZ11732,6897.97,2024-12-14,food_vendor,Nairobi,1.2,on_time,33.2
PEZ11733,12332.44,2024-11-12,transport,Thika,3.1,on_time,36.6
PEZ11734,26825.13,2023-02-23,agro_dealer,Nyeri,4.6,on_time,4.8
PEZ11735,10522.4,2021-06-22,hardware_store,Nakuru,2.9,late,71.4
PEZ11736,45263.91,2023-03-24,mobile_money_agent,Mombasa,2.9,on_time,82.3
PEZ11737,3778.41,2022-08-27,mobile_money_agent,Nyeri,0.8,on_time,53.1
PEZ11738,2902.44,2023-06-13,transport,Kisumu,,on_time,49.6
PEZ11739,31738.51,2020-04-16,salon_barber,Kisumu,3.0,on_time,40.0
PEZ11740,1122.02,2024-04-05,salon_barber,Garissa,8.5,late,41.4
PEZ11741,5335.89,2021-09-30,food_vendor,Nakuru,1.0,on_time,38.9
PEZ11742,9359.83,2023-07-21,hardware_store,Thika,4.8,on_time,61.3
PEZ11743,1463.39,2023-11-04,tailoring,Kisumu,0.7,on_time,88.1
PEZ11744,23165.04,2024-10-17,food_vendor,Garissa,1.3,on_time,50.4
PEZ11745,4258.56,2021-01-26,pharmacy,Thika,1.1,on_time,46.6
PEZ11746,1445.41,2022-12-13,,Thika,6.1,on_time,76.7
PEZ11747,7696.11,2022-10-26,transport,Nairobi,0.9,on_time,18.4
PEZ11748,27816.7,2023-11-25,retail_shop,Nyeri,5.4,on_time,47.8
PEZ11749,79241.88,2022-08-22,tailoring,Eldoret,3.2,on_time,40.2
PEZ11750,3992.48,2024-07-11,mobile_money_agent,Kitale,1.5,on_time,19.0
PEZ11751,7293.43,2020-12-28,food_vendor,Nairobi,0.8,on_time,37.7
PEZ11752,1695.18,2020-05-07,salon_barber,Mombasa,3.6,on_time,29.6
PEZ11753,6742.39,2024-02-19,electronics_repair,Mombasa,0.9,on_time,39.3
PEZ11754,68707.36,2023-04-16,retail_shop,Thika,1.0,on_time,23.7
PEZ11755,2066.3,2020-05-05,electronics_repair,Garissa,,on_time,61.2
PEZ11756,8633.48,2022-06-27,food_vendor,Nakuru,6.8,defaulted,23.0
PEZ11757,3922.84,2024-09-20,retail_shop,Eldoret,2.5,on_time,55.2
PEZ11758,90979.66,2023-11-27,retail_shop,Eldoret,4.3,on_time,43.0
PEZ11759,4903.99,2020-06-25,food_vendor,Nyeri,3.2,late,9.3
PEZ11760,10957.73,2021-03-21,salon_barber,Thika,3.9,on_time,40.1
PEZ11761,10498.93,2023-08-08,electronics_repair,Kitale,0.7,on_time,6.9
PEZ11762,500.0,2023-03-03,transport,Kisumu,12.8,late,59.3
PEZ11763,36197.91,2021-08-27,electronics_repair,Malindi,0.8,late,43.0
PEZ11764,3549.8,2023-08-07,tailoring,Kitale,2.5,on_time,46.6
PEZ11765,6028.85,2023-04-13,hardware_store,Kitale,3.4,on_time,79.1
PEZ11766,6502.53,2024-07-18,agro_dealer,Kisumu,15.0,on_time,65.3
PEZ11767,1539.6,2021-07-04,tailoring,Nakuru,3.8,on_time,49.9
PEZ11768,4962.68,2020-08-24,food_vendor,Garissa,3.0,defaulted,41.2
PEZ11769,2973.38,2023-09-10,hardware_store,Kisumu,5.0,on_time,43.9
PEZ11770,21501.59,2020-11-21,mobile_money_agent,Nairobi,2.0,on_time,43.9
PEZ11771,5082.46,2021-09-19,agro_dealer,Kitale,2.5,on_time,24.4
PEZ11772,7863.28,2023-04-30,salon_barber,Kitale,0.5,on_time,42.3
PEZ11773,14226.19,2023-05-15,mobile_money_agent,Malindi,1.4,on_time,33.2
PEZ11774,10186.04,2024-04-11,electronics_repair,Kitale,3.2,on_time,34.4
PEZ11775,25120.96,2020-02-28,hardware_store,Mombasa,2.6,on_time,39.5
PEZ11776,12686.8,2022-12-09,salon_barber,Garissa,1.2,on_time,26.9
PEZ11777,12765.51,2020-07-04,transport,Nyeri,1.0,on_time,17.7
PEZ11778,11525.9,2020-10-29,tailoring,Kisumu,13.2,defaulted,25.9
PEZ11779,2553.21,2020-07-03,transport,Kisumu,1.1,late,72.3
PEZ11780,11668.25,2021-12-06,transport,Kisumu,3.8,on_time,29.4
PEZ11781,12435.71,2022-02-09,food_vendor,Kitale,0.7,on_time,80.2
PEZ11782,12147.34,2020-09-30,pharmacy,Nakuru,1.2,on_time,15.0
PEZ11783,10742.97,2022-03-17,agro_dealer,Thika,5.0,on_time,90.0
PEZ11784,2193.16,2024-12-18,hardware_store,Mombasa,1.8,late,80.5
PEZ11785,8334.31,2023-06-04,mobile_money_agent,Kisumu,7.8,on_time,27.3
PEZ11786,3816.52,2021-03-08,mobile_money_agent,Malindi,2.5,late,75.9
PEZ11787,9244.55,2021-09-29,tailoring,Malindi,10.0,late,83.8
PEZ11788,2418.38,2023-10-29,agro_dealer,Kitale,,late,50.5
PEZ11789,11575.31,2024-11-01,hardware_store,Mombasa,4.6,defaulted,5.5
PEZ11790,2572.65,2020-01-24,agro_dealer,Nairobi,1.0,on_time,66.1
PEZ11791,28483.63,2020-08-25,pharmacy,Malindi,2.4,on_time,48.8
PEZ11792,4745.57,2022-01-17,mobile_money_agent,Kitale,1.4,on_time,76.9
PEZ11793,8131.53,2020-11-03,food_vendor,Kisumu,5.9,on_time,59.3
PEZ11794,5589.92,2023-06-12,retail_shop,Thika,19.6,on_time,33.3
PEZ11795,674.75,2022-01-21,pharmacy,Malindi,,on_time,24.7
PEZ11796,21656.27,2024-08-04,retail_shop,Nyeri,1.5,late,42.1
PEZ11797,2519.75,2021-09-01,retail_shop,Garissa,1.2,on_time,75.4
PEZ11798,4401.0,2020-12-24,retail_shop,Nyeri,1.7,on_time,85.5
PEZ11799,4998.17,2021-07-16,food_vendor,Garissa,1.5,on_time,33.3
PEZ11800,14319.45,2024-02-09,electronics_repair,Kitale,0.7,on_time,15.9
PEZ11801,2434.55,2024-01-22,hardware_store,Nyeri,1.7,late,69.6
PEZ11802,18435.66,2021-09-10,food_vendor,Malindi,12.6,on_time,78.8
PEZ11803,7797.7,2024-12-13,agro_dealer,Malindi,,on_time,71.0
PEZ11804,21893.12,2023-06-14,food_vendor,Malindi,3.3,on_time,46.8
PEZ11805,4850.4,2022-08-26,hardware_store,Garissa,0.5,on_time,45.8
PEZ11806,5161.62,2020-04-03,transport,Malindi,3.7,on_time,57.7
PEZ11807,15174.81,2020-02-08,mobile_money_agent,Malindi,3.8,on_time,18.9
PEZ11808,3476.45,2020-07-17,agro_dealer,Kisumu,1.2,on_time,43.8
PEZ11809,24349.71,2023-12-29,transport,Nakuru,,late,30.9
PEZ11810,11054.77,2023-02-16,mobile_money_agent,Kitale,2.8,on_time,60.4
PEZ11811,16713.51,2024-02-29,retail_shop,Thika,5.0,on_time,83.3
PEZ11812,8493.31,2023-09-15,pharmacy,Nakuru,0.7,on_time,66.2
PEZ11813,9547.32,2022-12-20,mobile_money_agent,Mombasa,3.2,late,46.4
PEZ11814,4126.5,2023-07-03,electronics_repair,Eldoret,5.7,defaulted,71.6
PEZ11815,3795.24,2024-03-18,mobile_money_agent,Kisumu,9.4,on_time,54.6
PEZ11816,1033.0,2022-02-14,tailoring,Garissa,0.6,on_time,22.8
PEZ11817,72845.03,2020-12-31,mobile_money_agent,Mombasa,1.5,on_time,30.7
PEZ11818,13913.72,2021-07-25,salon_barber,Malindi,7.3,on_time,33.7
PEZ11819,32108.82,2023-07-26,electronics_repair,Thika,1.4,on_time,63.4
PEZ11820,3005.58,2022-08-08,electronics_repair,Garissa,6.4,on_time,74.5
PEZ11821,47830.3,2024-08-26,tailoring,Kitale,1.8,defaulted,38.7
PEZ11822,28919.47,2022-05-06,electronics_repair,Kitale,1.2,on_time,62.8
PEZ11823,2508.16,2022-10-27,agro_dealer,Malindi,2.1,on_time,
PEZ11824,17190.82,2020-12-06,,Nyeri,1.2,on_time,47.5
PEZ11825,8249.2,2024-06-05,,Kitale,1.5,on_time,17.4
PEZ11826,22122.22,2024-01-20,agro_dealer,Garissa,5.2,on_time,22.5
PEZ11827,9640.89,2020-05-12,transport,Kisumu,2.3,late,74.4
PEZ11828,22350.1,2021-05-10,retail_shop,Nakuru,0.7,on_time,49.3
PEZ11829,9027.33,2020-11-22,salon_barber,Kitale,4.6,on_time,80.0
PEZ11830,3172.04,2022-04-12,transport,Kitale,8.1,on_time,14.0
PEZ11831,2826.62,2024-01-06,hardware_store,Kitale,3.2,late,26.4
PEZ11832,2617.45,2022-06-17,hardware_store,Mombasa,5.9,on_time,57.1
PEZ11833,6604.46,2022-01-14,pharmacy,Nairobi,4.7,on_time,28.6
PEZ11834,3017.19,2024-09-30,agro_dealer,Garissa,1.7,late,64.1
PEZ11835,10675.04,2021-11-26,tailoring,Nyeri,0.9,on_time,48.0
PEZ11836,27838.35,2020-05-31,salon_barber,Nakuru,8.3,on_time,55.3
PEZ11837,1695.61,2021-11-08,pharmacy,Kitale,1.2,on_time,89.9
PEZ11838,26687.64,2021-08-13,pharmacy,Eldoret,3.2,late,32.9
PEZ11839,6060.19,2024-01-06,retail_shop,Nakuru,2.5,late,47.2
PEZ11840,5165.6,2024-03-03,salon_barber,Nyeri,0.9,late,45.5
PEZ11841,2362.41,2024-10-08,salon_barber,Kisumu,1.9,late,37.3
PEZ11842,31596.02,2024-03-06,transport,Nyeri,3.4,on_time,65.2
PEZ11843,845.64,2023-04-17,hardware_store,Malindi,3.3,on_time,43.0
PEZ11844,10701.35,2024-11-18,hardware_store,Thika,1.1,on_time,49.4
PEZ11845,11318.56,2021-12-02,,Kitale,5.3,on_time,16.7
PEZ11846,62123.04,2020-09-01,transport,Eldoret,1.5,on_time,69.3
PEZ11847,5801.73,2024-03-08,transport,Thika,2.2,defaulted,42.8
PEZ11848,1655.12,2021-11-05,hardware_store,Nakuru,5.6,on_time,28.6
PEZ11849,6834.34,2020-06-11,hardware_store,Mombasa,3.2,on_time,60.3
PEZ11850,15467.2,2023-11-13,retail_shop,Kitale,2.2,on_time,24.6
PEZ11851,6387.03,2023-02-04,transport,Nakuru,1.2,on_time,54.3
PEZ11852,15153.09,2020-09-28,tailoring,Mombasa,1.8,on_time,66.0
PEZ11853,5174.56,2022-08-08,hardware_store,Eldoret,2.0,on_time,42.1
PEZ11854,1734.58,2022-09-06,food_vendor,Garissa,2.3,late,71.9
PEZ11855,11406.31,2022-09-24,food_vendor,Kitale,2.1,late,91.3
PEZ11856,8309.16,2022-06-25,tailoring,Nyeri,,on_time,13.4
PEZ11857,25665.12,2024-03-25,transport,Nyeri,2.0,defaulted,72.6
PEZ11858,59859.52,2021-08-04,agro_dealer,Nyeri,3.1,on_time,54.2
PEZ11859,3810.89,2021-09-24,tailoring,Eldoret,3.8,on_time,19.5
PEZ11860,10317.07,2022-11-09,pharmacy,Mombasa,2.9,late,29.1
PEZ11861,8669.19,2024-10-31,pharmacy,Kitale,5.1,on_time,75.3
PEZ11862,34708.83,2024-04-11,pharmacy,Thika,1.9,on_time,70.3
PEZ11863,21358.46,2023-11-03,transport,Nakuru,5.5,on_time,74.8
PEZ11864,24164.2,2022-03-22,tailoring,Nyeri,17.2,late,4.8
PEZ11865,15871.46,2023-08-31,salon_barber,Kisumu,1.2,on_time,52.5
PEZ11866,9334.56,2024-10-19,mobile_money_agent,Malindi,2.2,on_time,75.7
PEZ11867,45491.72,2022-07-10,tailoring,Thika,1.7,on_time,63.4
PEZ11868,3578.86,2020-04-23,,Malindi,1.1,on_time,49.7
PEZ11869,6298.62,2024-08-03,agro_dealer,Thika,1.6,late,59.1
PEZ11870,5984.25,2022-05-25,transport,Nakuru,2.3,defaulted,38.7
PEZ11871,1812.48,2022-06-20,agro_dealer,Thika,19.5,on_time,70.7
PEZ11872,5896.83,2023-04-29,tailoring,Mombasa,3.4,on_time,83.5
PEZ11873,14521.31,2021-05-26,pharmacy,Nairobi,0.6,on_time,69.4
PEZ11874,7988.28,2023-01-06,tailoring,Nyeri,0.8,on_time,34.9
PEZ11875,8389.78,2021-10-26,electronics_repair,Kitale,0.6,on_time,63.2
PEZ11876,10550.98,2022-06-16,agro_dealer,Kisumu,2.0,on_time,46.3
PEZ11877,12094.46,2021-08-19,transport,Thika,3.5,on_time,13.0
PEZ11878,13910.29,2021-10-04,retail_shop,Kisumu,2.1,on_time,44.6
PEZ11879,4815.51,2022-01-11,electronics_repair,Kitale,0.5,late,84.2
PEZ11880,12414.94,2020-02-17,electronics_repair,Nakuru,1.6,on_time,73.1
PEZ11881,27815.32,2024-08-30,salon_barber,Mombasa,2.3,on_time,81.2
PEZ11882,11440.72,2020-03-06,,Nairobi,9.7,on_time,26.8
PEZ11883,8888.48,2024-02-13,hardware_store,Thika,2.7,on_time,61.8
PEZ11884,7608.16,2022-11-17,food_vendor,Nyeri,1.5,late,76.2
PEZ11885,9147.73,2024-04-20,food_vendor,Nyeri,3.3,on_time,39.6
PEZ11886,25619.2,2021-11-07,agro_dealer,Eldoret,2.1,late,39.9
PEZ11887,8727.08,2024-08-06,food_vendor,Kisumu,3.7,on_time,59.0
PEZ11888,2299.92,2020-01-18,agro_dealer,Nairobi,2.5,on_time,19.4
PEZ11889,5397.91,2021-10-30,transport,Thika,1.8,on_time,44.8
PEZ11890,2184.25,2024-12-07,hardware_store,Kitale,1.2,on_time,42.2
PEZ11891,4442.58,2022-12-28,mobile_money_agent,Kisumu,7.7,late,80.9
PEZ11892,14318.95,2021-10-07,mobile_money_agent,Nairobi,0.8,on_time,94.0
PEZ11893,9172.43,2021-03-20,transport,Nakuru,1.2,late,70.7
PEZ11894,12362.28,2022-02-07,electronics_repair,Nairobi,1.1,on_time,67.2
PEZ11895,1857.38,2022-06-17,retail_shop,Kitale,2.1,defaulted,40.1
PEZ11896,3674.72,2020-12-24,agro_dealer,Nakuru,0.9,late,50.8
PEZ11897,3950.7,2022-09-28,hardware_store,Nyeri,0.6,late,85.5
PEZ11898,6035.89,2024-06-25,mobile_money_agent,Thika,1.1,on_time,75.5
PEZ11899,2159.42,2022-02-17,hardware_store,Thika,0.7,defaulted,32.1
PEZ11900,19739.6,2020-05-13,agro_dealer,Malindi,2.8,late,24.9
PEZ11901,7591.63,2024-11-28,agro_dealer,Eldoret,2.1,on_time,79.6
PEZ11902,4322.85,2020-10-15,pharmacy,Nairobi,0.9,on_time,79.0
PEZ11903,9080.62,2024-04-10,transport,Kisumu,3.0,on_time,90.8
PEZ11904,16467.39,2023-06-18,retail_shop,Nairobi,0.5,late,54.6
PEZ11905,1179.11,2024-07-15,agro_dealer,Kisumu,1.0,late,42.8
PEZ11906,1207.29,2021-09-18,salon_barber,Thika,3.8,on_time,64.0
PEZ11907,4493.97,2021-11-10,agro_dealer,Thika,5.1,on_time,32.0
PEZ11908,6268.58,2022-02-11,retail_shop,Kitale,,defaulted,35.6
PEZ11909,10884.69,2022-05-09,mobile_money_agent,Garissa,3.9,late,51.7
PEZ11910,3998.74,2022-06-20,food_vendor,Mombasa,2.5,on_time,72.5
PEZ11911,14579.82,2021-06-10,salon_barber,Nyeri,1.2,on_time,
PEZ11912,41909.65,2022-09-05,salon_barber,Thika,1.7,on_time,25.3
PEZ11913,38858.36,2021-04-06,pharmacy,Nyeri,0.6,on_time,42.9
PEZ11914,46119.53,2021-05-28,food_vendor,Mombasa,1.6,late,75.8
PEZ11915,1627.08,2023-03-28,salon_barber,Eldoret,4.9,on_time,65.6
PEZ11916,2997.22,2024-10-08,tailoring,Kisumu,1.3,on_time,32.6
PEZ11917,9767.67,2023-07-23,retail_shop,Malindi,1.7,defaulted,16.5
PEZ11918,70102.54,2021-12-05,retail_shop,Nakuru,5.9,on_time,13.0
PEZ11919,8115.6,2022-06-19,transport,Nyeri,8.6,late,10.2
PEZ11920,7686.17,2021-01-16,food_vendor,Eldoret,0.8,on_time,66.7
PEZ11921,8024.62,2023-09-30,tailoring,Thika,3.9,on_time,92.8
PEZ11922,1130.15,2023-01-17,electronics_repair,Garissa,1.6,defaulted,34.7
PEZ11923,22966.55,2021-08-28,salon_barber,Mombasa,2.1,on_time,53.4
PEZ11924,51190.85,2024-11-10,salon_barber,Thika,0.6,defaulted,29.9
PEZ11925,14855.89,2024-09-16,hardware_store,Kisumu,2.8,late,73.7
PEZ11926,3400.64,2023-02-26,transport,Nairobi,3.6,on_time,64.9
PEZ11927,11554.86,2022-12-23,hardware_store,Garissa,,on_time,37.7
PEZ11928,73969.16,2021-04-08,salon_barber,Thika,2.4,on_time,72.4
PEZ11929,13351.44,2022-03-31,salon_barber,Garissa,7.4,late,46.2
PEZ11930,1664.16,2020-10-05,tailoring,Malindi,2.2,on_time,22.4
PEZ11931,9839.22,2024-02-11,tailoring,Nairobi,3.5,late,39.4
PEZ11932,33800.61,2024-08-11,mobile_money_agent,Nyeri,2.5,late,47.8
PEZ11933,3616.38,2021-05-24,salon_barber,Nakuru,1.4,on_time,89.2
PEZ11934,5078.95,2024-01-26,electronics_repair,Mombasa,10.1,on_time,38.5
PEZ11935,3932.32,2023-07-28,mobile_money_agent,Kisumu,6.6,late,22.2
PEZ11936,13393.01,2023-09-14,food_vendor,Garissa,8.7,on_time,35.6
PEZ11937,9894.12,2024-12-07,pharmacy,Eldoret,2.2,late,51.1
PEZ11938,14122.89,2023-07-07,electronics_repair,Eldoret,1.3,late,
PEZ11939,2395.1,2024-04-02,pharmacy,Malindi,3.2,on_time,43.2
PEZ11940,20257.27,2024-11-06,tailoring,Nakuru,0.6,on_time,64.8
PEZ11941,6652.51,2022-05-13,electronics_repair,Nakuru,6.1,on_time,93.0
PEZ11942,4084.61,2021-05-30,retail_shop,Mombasa,1.4,on_time,87.9
PEZ11943,6757.72,2020-07-26,hardware_store,Thika,6.5,late,74.0
PEZ11944,4802.83,2024-05-18,pharmacy,Nakuru,2.8,late,17.7
PEZ11945,6703.78,2023-09-29,pharmacy,Garissa,2.3,on_time,24.9
PEZ11946,8871.36,2023-03-24,agro_dealer,Nairobi,1.9,on_time,19.9
PEZ11947,108195.46,2023-05-21,food_vendor,Mombasa,5.3,on_time,65.6
PEZ11948,4428.03,2022-08-01,agro_dealer,Malindi,4.6,on_time,
PEZ11949,24863.06,2022-06-03,mobile_money_agent,Garissa,,on_time,15.5
PEZ11950,1536.83,2022-04-24,retail_shop,Nakuru,5.8,defaulted,
PEZ11951,2062.66,2021-05-24,retail_shop,Kitale,1.6,on_time,29.4
PEZ11952,6392.34,2024-04-23,tailoring,Kitale,5.9,on_time,85.6
PEZ11953,9554.59,2024-03-22,salon_barber,Nakuru,3.9,on_time,37.4
PEZ11954,2342.77,2024-02-24,electronics_repair,Kisumu,1.8,on_time,68.4
PEZ11955,8307.96,2021-10-02,transport,Thika,4.8,on_time,57.6
PEZ11956,14890.51,2022-09-21,mobile_money_agent,Kitale,3.3,on_time,3.9
PEZ11957,48080.16,2021-10-23,electronics_repair,Thika,6.2,on_time,17.5
PEZ11958,5966.73,2021-08-29,retail_shop,Mombasa,1.6,on_time,59.5
PEZ11959,3783.31,2023-12-28,hardware_store,Garissa,4.9,late,58.7
PEZ11960,7124.01,2020-09-29,mobile_money_agent,Malindi,8.1,on_time,31.0
PEZ11961,2906.56,2023-06-10,agro_dealer,Mombasa,2.5,on_time,25.5
PEZ11962,7843.15,2020-11-13,mobile_money_agent,Mombasa,1.3,late,96.4
PEZ11963,7723.48,2021-04-07,tailoring,Nairobi,4.6,late,31.7
PEZ11964,7496.61,2022-09-16,pharmacy,Nakuru,2.5,on_time,72.5
PEZ11965,70244.85,2022-11-28,pharmacy,Malindi,0.6,late,50.0
PEZ11966,5618.99,2023-12-18,mobile_money_agent,Malindi,4.0,on_time,10.0
PEZ11967,4776.15,2023-01-11,electronics_repair,Eldoret,3.6,late,60.7
PEZ11968,2264.69,2021-05-20,electronics_repair,Mombasa,1.3,on_time,57.3
PEZ11969,1945.53,2022-09-01,hardware_store,Nyeri,0.7,on_time,30.6
PEZ11970,6939.27,2023-12-08,hardware_store,Thika,2.4,on_time,30.3
PEZ11971,11946.58,2022-10-15,hardware_store,Nakuru,0.6,on_time,37.1
PEZ11972,8627.02,2023-08-24,,Malindi,6.2,on_time,25.0
PEZ11973,12441.85,2024-01-12,retail_shop,Thika,3.1,on_time,27.0
PEZ11974,3860.32,2022-06-01,,Nyeri,0.8,on_time,47.2
PEZ11975,9392.23,2021-11-07,salon_barber,Malindi,9.3,on_time,51.9
PEZ11976,30668.72,2023-10-27,transport,Nyeri,1.4,on_time,36.9
PEZ11977,4147.43,2023-04-18,mobile_money_agent,Thika,5.1,on_time,50.8
PEZ11978,16661.29,2021-05-24,food_vendor,Mombasa,0.8,on_time,80.4
PEZ11979,10346.96,2021-11-10,mobile_money_agent,Kisumu,9.3,on_time,
PEZ11980,11486.57,2022-04-14,food_vendor,Mombasa,5.2,on_time,55.3
PEZ11981,25904.99,2023-12-19,agro_dealer,Kitale,1.5,on_time,66.9
PEZ11982,3505.74,2023-08-18,agro_dealer,Eldoret,1.2,late,81.2
PEZ11983,5909.06,2020-05-04,food_vendor,Thika,1.1,on_time,7.9
PEZ11984,7935.97,2020-01-26,,Nairobi,2.5,on_time,67.8
PEZ11985,10596.36,2024-10-25,retail_shop,Thika,4.8,on_time,
PEZ11986,11277.09,2021-12-08,food_vendor,Kisumu,8.8,late,31.8
PEZ11987,9907.58,2024-12-06,food_vendor,Kisumu,16.7,on_time,48.0
PEZ11988,2088.81,2023-01-05,salon_barber,Garissa,4.0,defaulted,31.4
PEZ11989,33753.39,2020-12-08,food_vendor,Eldoret,6.8,on_time,61.3
PEZ11990,2908.86,2022-07-20,food_vendor,Kitale,0.9,on_time,67.4
PEZ11991,70917.37,2021-05-19,hardware_store,Malindi,5.4,defaulted,79.7
PEZ11992,1614.31,2022-01-03,electronics_repair,Kisumu,0.9,on_time,24.2
PEZ11993,12037.3,2020-07-21,retail_shop,Kitale,2.5,on_time,9.7
PEZ11994,11856.78,2022-12-25,hardware_store,Mombasa,5.8,on_time,64.2
PEZ11995,45806.65,2024-04-12,hardware_store,Malindi,1.5,late,70.8
PEZ11996,8456.56,2020-02-18,transport,Eldoret,1.0,defaulted,4.1
PEZ11997,2834.68,2024-05-29,pharmacy,Mombasa,1.5,on_time,33.8
PEZ11998,14840.24,2023-04-18,tailoring,Nairobi,7.0,late,
PEZ11999,6365.07,2021-09-12,mobile_money_agent,Garissa,3.4,defaulted,75.8
